brand,engine_type,gearbox,mileage,model,price,url,year
Passat,Hybride,Automatique,67931,Variant,26233,https://hollyroad.fr/annonce-volkswagen-passat-variant-D61khU,2020
Tiguan,Essence,Automatique,20405,1.5,35246,https://hollyroad.fr/annonce-volkswagen-tiguan-x1PyEG,2023
Passat,Diesel,Automatique,100000,Variant,23763,https://hollyroad.fr/annonce-volkswagen-passat-variant-aXJ5SG,2020
Passat,Diesel,Automatique,133568,Variant,21943,https://hollyroad.fr/annonce-volkswagen-passat-variant-wBoQZn,2019
Arteon,Diesel,Automatique,24908,Shooting,43723,https://hollyroad.fr/annonce-volkswagen-arteon-GzrR8r,2023
T-Cross,Essence,Manuelle,8924,1.0,25127,https://hollyroad.fr/annonce-volkswagen-t-cross-m08H99,2022
Polo,Essence,Manuelle,38902,1.0,17683,https://hollyroad.fr/annonce-volkswagen-polo-gzROZL,2020
Golf,Essence,Manuelle,26699,8,29668,https://hollyroad.fr/annonce-volkswagen-golf-zEpd8p,2023
Tiguan,Essence,Automatique,24051,1.5,35523,https://hollyroad.fr/annonce-volkswagen-tiguan-RitfOo,2023
Golf,Essence,Manuelle,14194,8,29923,https://hollyroad.fr/annonce-volkswagen-golf-RjC93D,2023
Tiguan,Essence,Automatique,17710,1.5,35623,https://hollyroad.fr/annonce-volkswagen-tiguan-dUMWaG,2023
Polo,Essence,Manuelle,52995,1.0,17008,https://hollyroad.fr/annonce-volkswagen-polo-skCD4s,2019
T-Cross,Essence,Automatique,10441,1.0,29482,https://hollyroad.fr/annonce-volkswagen-t-cross-4W17b3,2022
Golf,Essence,Automatique,17374,8,32523,https://hollyroad.fr/annonce-volkswagen-golf-xaC6IC,2022
Ateca,Diesel,Automatique,6841,2.0,28763,https://hollyroad.fr/annonce-seat-ateca-ppK0eD,2022
Tarraco,Diesel,Automatique,103260,2.0,30666,https://hollyroad.fr/annonce-seat-tarraco-yYpr9K,2019
Polo,Essence,Automatique,14421,1.0,25205,https://hollyroad.fr/annonce-volkswagen-polo-cFxqXN,2023
Tiguan,Essence,Automatique,18143,1.5,35523,https://hollyroad.fr/annonce-volkswagen-tiguan-uMxHyw,2023
e-up!,Électrique,Automatique,19493,move,18919,https://hollyroad.fr/annonce-volkswagen-up-SdWqgf,2021
Passat,Diesel,Automatique,25293,Variant,42523,https://hollyroad.fr/annonce-volkswagen-passat-variant-75MHGY,2023
Tiguan,Essence,Manuelle,17445,1.5,30923,https://hollyroad.fr/annonce-volkswagen-tiguan-6dGdvS,2023
KAMIQ,Essence,Manuelle,0,TOUR,34086,https://hollyroad.fr/annonce-skoda-kamiq-VHsqgY,2024
Kamiq,Diesel,Manuelle,26480,1.6,26722,https://hollyroad.fr/annonce-skoda-kamiq-JBvN83,2020
Tiguan,Essence,Manuelle,27069,1.5,30668,https://hollyroad.fr/annonce-volkswagen-tiguan-nqYSpk,2023
KAMIQ,Essence,Manuelle,0,TOUR,34086,https://hollyroad.fr/annonce-skoda-kamiq-VHsqgY,2024
Kamiq,Essence,Automatique,20898,1.5,25763,https://hollyroad.fr/annonce-skoda-kamiq-hwMXW1,2020
Golf,Essence,Manuelle,24734,8,29668,https://hollyroad.fr/annonce-volkswagen-golf-jEh2Vm,2023
Tiguan,Essence,Manuelle,28797,1.5,30668,https://hollyroad.fr/annonce-volkswagen-tiguan-sKWJmy,2023
Tiguan,Essence,Manuelle,25330,1.5,26713,https://hollyroad.fr/annonce-volkswagen-tiguan-FPPz2y,2023
Tiguan,Essence,Manuelle,24626,1.5,30668,https://hollyroad.fr/annonce-volkswagen-tiguan-IYVpTO,2023
Touran,Essence,Manuelle,24818,1.5,33523,https://hollyroad.fr/annonce-volkswagen-touran-EVsG2X,2022
Tiguan,Essence,Automatique,8422,1.5,34523,https://hollyroad.fr/annonce-volkswagen-tiguan-ZUk17K,2022
Golf,Essence,Manuelle,20000,8,26627,https://hollyroad.fr/annonce-volkswagen-golf-wC95Tp,2023
Kamiq,Diesel,Manuelle,26480,1.6,26722,https://hollyroad.fr/annonce-skoda-kamiq-JBvN83,2020
Tiguan,Essence,Manuelle,17445,1.5,30923,https://hollyroad.fr/annonce-volkswagen-tiguan-6dGdvS,2023
Superb,Diesel,Automatique,80631,Combi,25908,https://hollyroad.fr/annonce-skoda-superb-JcqUMd,2020
Golf,Diesel,Manuelle,15920,8,33523,https://hollyroad.fr/annonce-volkswagen-golf-YKCUyX,2022
Passat,Diesel,Automatique,25293,Variant,42523,https://hollyroad.fr/annonce-volkswagen-passat-variant-75MHGY,2023
Golf,Diesel,Automatique,107556,8,23722,https://hollyroad.fr/annonce-volkswagen-golf-3Xz94n,2021
Kamiq,Essence,Manuelle,42842,1.0,19922,https://hollyroad.fr/annonce-skoda-kamiq-C344H2,2020
Kamiq,Diesel,Automatique,56394,1.6,25867,https://hollyroad.fr/annonce-skoda-kamiq-WAJs7Z,2020
e-up!,Électrique,Automatique,19493,move,18919,https://hollyroad.fr/annonce-volkswagen-up-SdWqgf,2021
Octavia,Diesel,Automatique,95289,Combi,21943,https://hollyroad.fr/annonce-skoda-octavia-x1CVkD,2019
Passat,Diesel,Automatique,58491,Variant,31763,https://hollyroad.fr/annonce-volkswagen-passat-variant-28JPRq,2021
"Polo1,0",Essence,Manuelle,14020,l,18902,https://hollyroad.fr/annonce-volkswagen-polo-7qcWIt,2019
up!,Essence,Manuelle,64250,1.0,11863,https://hollyroad.fr/annonce-volkswagen-up-HC6n3r,2019
Octavia,Diesel,Automatique,100731,Combi,20102,https://hollyroad.fr/annonce-skoda-octavia-ZdMJOp,2019
T-Roc,Essence,Manuelle,28626,Cabriolet,31543,https://hollyroad.fr/annonce-volkswagen-t-roc-cabriolet-gh1peL,2021
Volkswagen,Hybride,Automatique,82600,Golf,24972,https://hollyroad.fr/annonce-volkswagen-golf-W7Q1Mp,2020
Mercedes-Benz,Hybride (électrique/diesel),Automatique,10000,E,83952,https://hollyroad.fr/annonce-mercedes-benz-e-300-E7U4Gx,2024
Volkswagen,Diesel,Automatique,93534,Tiguan,27906,https://hollyroad.fr/annonce-volkswagen-tiguan-i95wHG,2019
Skoda,Diesel,Automatique,24958,Superb,40770,https://hollyroad.fr/annonce-skoda-superb-qagFCB,2022
Fiat,Essence,Manuelle,6337,500,16665,https://hollyroad.fr/annonce-fiat-500-RoNiWf,2022
Fiat,Essence,Manuelle,13317,500,19324,https://hollyroad.fr/annonce-fiat-500-qtRhl8,2022
Fiat,Essence,Manuelle,8182,500,16665,https://hollyroad.fr/annonce-fiat-500-JS5hTj,2022
Fiat,Essence,Manuelle,7363,500,19324,https://hollyroad.fr/annonce-fiat-500-ZIQ5oT,2022
Audi,Essence,Automatique,60200,Q2,30156,https://hollyroad.fr/annonce-audi-q2-zkP3cJ,2019
Opel,Essence,Manuelle,44342,Mokka,18115,https://hollyroad.fr/annonce-opel-mokka-x-RUyvrA,2019
Opel,Diesel,Manuelle,120850,Insignia,19395,https://hollyroad.fr/annonce-opel-insignia-hFIHqa,2020
Volkswagen,Essence,Automatique,69803,T-Roc,26156,https://hollyroad.fr/annonce-volkswagen-t-roc-dbzr1s,2019
Opel,Essence,Automatique,98500,Astra,15656,https://hollyroad.fr/annonce-opel-astra-nRuemp,2016
Ford,Essence,Automatique,110000,Mustang,33230,https://hollyroad.fr/annonce-ford-mustang-xffnuo,2016
Citroen,Essence,Automatique,36440,C5,30156,https://hollyroad.fr/annonce-citroen-c5-aircross-3AP58n,2019
Honda,Essence,Manuelle,110703,HR-V,17015,https://hollyroad.fr/annonce-honda-hr-v-Pm9vV8,2016
Hyundai,Diesel,Automatique,6000,STARIA,49236,https://hollyroad.fr/annonce-hyundai-staria-FZJe0E,2023
Hyundai,Diesel,Manuelle,188000,i30,7725,https://hollyroad.fr/annonce-hyundai-i30-BIfUUQ,2012
Hyundai,Essence,Manuelle,6000,i30,26736,https://hollyroad.fr/annonce-hyundai-i30-0PmWpG,2023
SEAT,Essence,Manuelle,15000,Leon,21535,https://hollyroad.fr/annonce-seat-leon-gNoqmM,2020
SEAT,Essence,Manuelle,43413,Arona,22195,https://hollyroad.fr/annonce-seat-arona-awNlt6,2021
CUPRA,Essence,Automatique,12877,Formentor,31436,https://hollyroad.fr/annonce-cupra-formentor-9SkfAA,2023
Volkswagen,Essence,Manuelle,21381,T-Roc,23685,https://hollyroad.fr/annonce-volkswagen-t-roc-WQdHEx,2023
Volkswagen,Essence,Manuelle,14201,T-Roc,23685,https://hollyroad.fr/annonce-volkswagen-t-roc-SP43MU,2023
Kia,Essence,Automatique,72000,ProCeed,23725,https://hollyroad.fr/annonce-kia-proceed--proceed-93uJsw,2019
Volkswagen,Essence,Manuelle,99900,Caddy,10115,https://hollyroad.fr/annonce-volkswagen-caddy-pUHAsI,2008
CUPRA,Électrique,Automatique,24450,Born,34296,https://hollyroad.fr/annonce-cupra-born-W8U0Nw,2022
Fiat,Électrique,Automatique,52890,500e,23971,https://hollyroad.fr/annonce-fiat-500e-1s6CJ3,2021
Mercedes-Benz,Essence,Automatique,59426,SLC,39700,https://hollyroad.fr/annonce-mercedes-benz-slc-300-6uir8x,2018
Volkswagen,Essence,Manuelle,16900,Golf,28695,https://hollyroad.fr/annonce-volkswagen-golf-7iEBkN,2023
Volkswagen,Électrique,Automatique,32500,e-Crafter,26821,https://hollyroad.fr/annonce-volkswagen--Gb2rPt,2021
Mercedes-Benz,Essence,Automatique,111984,E,62120,https://hollyroad.fr/annonce-mercedes-benz-e-63-amg-gie2Sf,2018
Audi,Diesel,Manuelle,96990,Q5,30956,https://hollyroad.fr/annonce-audi-q5-xfKxZr,2019
Tiguan,Essence,Automatique,8422,1.5,34523,https://hollyroad.fr/annonce-volkswagen-tiguan-ZUk17K,2022
Volkswagen,Électrique,Automatique,32500,Crafter,26821,https://hollyroad.fr/annonce-volkswagen-crafter-iUgGUZ,2021
Volkswagen,Essence,Manuelle,15650,T-Roc,34646,https://hollyroad.fr/annonce-volkswagen-t-roc-ZaAZ5Y,2023
Mercedes-Benz,Hybride (électrique/diesel),Automatique,76134,GLC,41043,https://hollyroad.fr/annonce-mercedes-benz-glc-300-FdQTw8,2020
Audi,Essence,Manuelle,75629,A3,23136,https://hollyroad.fr/annonce-audi-a3-vOnd38,2019
Volkswagen,Hybride,Automatique,48632,Golf,28952,https://hollyroad.fr/annonce-volkswagen-golf-ki3C6p,2020
SQ7,Diesel,Automatique,116189,TDI,69720,https://hollyroad.fr/annonce-audi-sq7-mbNpmI,2020
Q2,Essence,Manuelle,24255,35,27926,https://hollyroad.fr/annonce-audi-q2-e85cJl,2021
Clio,Essence,Manuelle,126400,Grandtour,12015,https://hollyroad.fr/annonce-renault-clio-aZh8I8,2017
SEAT,Essence,Automatique,3770,Ateca,31436,https://hollyroad.fr/annonce-seat-ateca-7XjZLs,2023
Fiat,Essence,Manuelle,13845,500,16896,https://hollyroad.fr/annonce-fiat-500-dKPiuK,2021
CUPRA,Essence,Automatique,16804,Formentor,31436,https://hollyroad.fr/annonce-cupra-formentor-ZAiLSw,2023
Volkswagen,Essence,Automatique,34547,Golf,25476,https://hollyroad.fr/annonce-volkswagen-golf-R4V2ju,2020
Volkswagen,Essence,Manuelle,22055,T-Roc,23685,https://hollyroad.fr/annonce-volkswagen-t-roc-7fBQWg,2023
Volkswagen,Essence,Automatique,42322,Tiguan,28886,https://hollyroad.fr/annonce-volkswagen-tiguan-MLwCCP,2020
Skoda,Diesel,Automatique,84207,Karoq,27935,https://hollyroad.fr/annonce-skoda-karoq-AkcRWK,2020
Volkswagen,Diesel,Automatique,98989,Tiguan,29046,https://hollyroad.fr/annonce-volkswagen-tiguan-allspace-JvKgou,2018
Renault,Essence,Manuelle,3793,Captur,23703,https://hollyroad.fr/annonce-renault-captur-asJFQR,2022
Mercedes-Benz,Hybride (électrique/diesel),Automatique,35433,E,38922,https://hollyroad.fr/annonce-mercedes-benz-e-300-MZvsY6,2021
Volkswagen,Diesel,Automatique,26120,Touareg,61260,https://hollyroad.fr/annonce-volkswagen-touareg-4qnIIb,2023
Mercedes-Benz,Essence,Automatique,20613,B,35395,https://hollyroad.fr/annonce-mercedes-benz-b-180-rzUOo6,2021
Fiat,Essence,Manuelle,7400,500,18056,https://hollyroad.fr/annonce-fiat-500-MV9BLf,2022
up!,Essence,Manuelle,50143,1.0,13886,https://hollyroad.fr/annonce-volkswagen-up-jqraTj,2020
Polo,Essence,Manuelle,12544,1.0,20656,https://hollyroad.fr/annonce-volkswagen-polo-jnuODS,2022
Polo,Essence,Automatique,23729,1.5,26976,https://hollyroad.fr/annonce-volkswagen-polo-y0pL3S,2020
Tesla,Électrique,Automatique,74200,Model,51266,https://hollyroad.fr/annonce-tesla-model-s-BnUM3m,2019
Audi,Diesel,Automatique,246500,A4,7725,https://hollyroad.fr/annonce-audi-a4-vaIsXE,2006
Audi,Hybride,Automatique,69351,A6,46046,https://hollyroad.fr/annonce-audi-a6-I5rUvK,2021
Volkswagen,Diesel,Automatique,6692,Tiguan,40436,https://hollyroad.fr/annonce-volkswagen-tiguan-bgPcH7,2023
SEAT,Essence,Manuelle,12615,Arona,23685,https://hollyroad.fr/annonce-seat-arona-cY7F0J,2023
Opel,Essence,Manuelle,20372,Corsa,16386,https://hollyroad.fr/annonce-opel-corsa-2Jrb7O,2021
Audi,Diesel,Automatique,60780,A6,30616,https://hollyroad.fr/annonce-audi-a6-gNcnaU,2019
Fiat,Essence,Manuelle,8538,500C,17656,https://hollyroad.fr/annonce-fiat-500c-7OhC5G,2022
Volkswagen,Essence,Automatique,28310,Tiguan,30586,https://hollyroad.fr/annonce-volkswagen-tiguan-0PXfaz,2020
Skoda,Essence,Automatique,83639,Octavia,25576,https://hollyroad.fr/annonce-skoda-octavia-KNaGK9,2020
Volkswagen,Hybride,Automatique,24881,Golf,28012,https://hollyroad.fr/annonce-volkswagen-golf-MTpyI4,2021
Opel,Essence,Manuelle,91000,Vectra,5475,https://hollyroad.fr/annonce-opel-vectra-QFzW8h,2005
Volkswagen,Essence,Automatique,3000,T-Cross,30260,https://hollyroad.fr/annonce-volkswagen-t-cross-eI505A,2024
Volkswagen,Essence,Manuelle,82770,Golf,20095,https://hollyroad.fr/annonce-volkswagen-golf-TCARxd,2020
Fiat,Essence,Manuelle,18900,500,15656,https://hollyroad.fr/annonce-fiat-500-OkoMnu,2022
BMW,Diesel,Automatique,102930,d,35060,https://hollyroad.fr/annonce-bmw-others-VDu5BQ,2016
SEAT,Diesel,Manuelle,82753,Ibiza,16123,https://hollyroad.fr/annonce-seat-ibiza-ipJki3,2019
Mercedes-Benz,Diesel,Manuelle,97804,C,25195,https://hollyroad.fr/annonce-mercedes-benz-c-180-VhZYgu,2019
Volkswagen,Essence,Manuelle,75230,Golf,20015,https://hollyroad.fr/annonce-volkswagen-golf-QbIyAi,2018
Skoda,Diesel,Automatique,60911,Karoq,32836,https://hollyroad.fr/annonce-skoda-karoq-Y943dm,2020
E-Pace,Hybride,Automatique,15,P300e,78057,https://hollyroad.fr/annonce-jaguar-e-pace-OrSyWg,2024
ID.4,Électrique,Automatique,15575,Pro,40886,https://hollyroad.fr/annonce-volkswagen-id4-K4BOdh,2023
Fiat,Essence,Manuelle,11593,500,18656,https://hollyroad.fr/annonce-fiat-500-u8Uh72,2022
Fiat,Essence,Manuelle,18267,500,14405,https://hollyroad.fr/annonce-fiat-500-z9Iolc,2021
Volkswagen,Diesel,Automatique,66744,Passat,32866,https://hollyroad.fr/annonce-volkswagen-passat-ALogwl,2020
Volkswagen,Diesel,Automatique,48813,Passat,35866,https://hollyroad.fr/annonce-volkswagen-passat-X2B9bA,2021
Audi,Essence,Manuelle,7300,A3,31690,https://hollyroad.fr/annonce-audi-a3-u6X0Mx,2023
Audi,Diesel,Automatique,15586,A3,35736,https://hollyroad.fr/annonce-audi-a3-ziO9TJ,2023
Volkswagen,Hybride,Automatique,30538,Arteon,42772,https://hollyroad.fr/annonce-volkswagen-arteon-8XOHRf,2022
T-Roc,Essence,Manuelle,11906,1.0,25945,https://hollyroad.fr/annonce-volkswagen-t-roc-bd0zBU,2023
T-Roc,Essence,Manuelle,19115,Cabriolet,30445,https://hollyroad.fr/annonce-volkswagen-t-roc-cabriolet-NtY8oJ,2023
Fiat,Essence,Manuelle,7970,500,15656,https://hollyroad.fr/annonce-fiat-500-qPA01f,2022
Volkswagen,Essence,Automatique,39989,Tiguan,28886,https://hollyroad.fr/annonce-volkswagen-tiguan-7kGi8Q,2020
Volkswagen,Diesel,Automatique,138292,Touareg,28150,https://hollyroad.fr/annonce-volkswagen-touareg-ipzqBz,2015
Volkswagen,Diesel,Automatique,65264,Sharan,37936,https://hollyroad.fr/annonce-volkswagen-sharan-L7kMVk,2020
Volkswagen,Essence,Automatique,7900,Golf,33206,https://hollyroad.fr/annonce-volkswagen-golf-7OFt2H,2022
Volkswagen,Essence,Manuelle,40634,Golf,20005,https://hollyroad.fr/annonce-volkswagen-golf-bYsFhg,2019
Volkswagen,Diesel,Automatique,189509,T5,36945,https://hollyroad.fr/annonce-volkswagen-t5-multivan-CeN8u1,2012
BMW,Essence,Automatique,139000,118,18765,https://hollyroad.fr/annonce-bmw-118-pJvnAM,2012
Skoda,Essence,Automatique,70557,Octavia,30610,https://hollyroad.fr/annonce-skoda-octavia-P9tnSZ,2020
T-Roc,Essence,Manuelle,11040,1.0,26925,https://hollyroad.fr/annonce-volkswagen-t-roc-JK3VKI,2023
Touran,Diesel,Manuelle,11827,2.0,33625,https://hollyroad.fr/annonce-volkswagen-touran-QMOLq4,2022
Tiguan,Essence,Manuelle,16552,1.5,37436,https://hollyroad.fr/annonce-volkswagen-tiguan-IzDLBL,2023
Ford,Essence,Automatique,72823,C-Max,17066,https://hollyroad.fr/annonce-ford-c-max-Y2dEOv,2015
Mercedes-Benz,Diesel,Automatique,87000,C,36090,https://hollyroad.fr/annonce-mercedes-benz-c-250-9UCMa8,2016
Nissan,Essence,Automatique,24000,Qashqai,28376,https://hollyroad.fr/annonce-nissan-qashqai-udild5,2020
Volkswagen,Essence,Manuelle,92282,Golf,16405,https://hollyroad.fr/annonce-volkswagen-golf-IdglFK,2017
Volkswagen,Essence,Automatique,12100,T-Roc,29146,https://hollyroad.fr/annonce-volkswagen-t-roc-56EIwG,2019
Audi,Essence,Automatique,60000,S3,38180,https://hollyroad.fr/annonce-audi-s3-fsjXiI,2019
Ford,Essence,Manuelle,63393,Kuga,21256,https://hollyroad.fr/annonce-ford-kuga-G2d0MV,2019
Renault,Électrique,Automatique,18938,ZOE,23732,https://hollyroad.fr/annonce-renault-zoe-T2oBlS,2021
T-Cross,Essence,Automatique,20702,1.0,29225,https://hollyroad.fr/annonce-volkswagen-t-cross-4PpUrb,2023
Audi,Diesel,Manuelle,191000,A1,9865,https://hollyroad.fr/annonce-audi-a1-9IBtS6,2011
Mercedes-Benz,Essence,Automatique,7183,C,42626,https://hollyroad.fr/annonce-mercedes-benz-c-180-qxl19g,2023
Sprinter,Diesel,Automatique,96380,317,32735,https://hollyroad.fr/annonce-mercedes-benz-sprinter-WtnRLX,2021
Volkswagen,Essence,Automatique,131000,Golf,11725,https://hollyroad.fr/annonce-volkswagen-golf-82wb8e,2010
Opel,Essence,Manuelle,68563,Corsa,16115,https://hollyroad.fr/annonce-opel-corsa-cLAdJ9,2019
Passat,Diesel,Automatique,58491,Variant,31763,https://hollyroad.fr/annonce-volkswagen-passat-variant-28JPRq,2021
Octavia,Diesel,Automatique,100731,Combi,20102,https://hollyroad.fr/annonce-skoda-octavia-ZdMJOp,2019
Volkswagen,Essence,Automatique,17680,Tiguan,30586,https://hollyroad.fr/annonce-volkswagen-tiguan-bXMZQ5,2020
Volvo,Hybride,Automatique,66943,XC60,42066,https://hollyroad.fr/annonce-volvo-xc60-fSGoQw,2020
Renault,Essence,Manuelle,10810,Clio,18156,https://hollyroad.fr/annonce-renault-clio-fdUJxZ,2022
Renault,Électrique,Automatique,43658,ZOE,17151,https://hollyroad.fr/annonce-renault-zoe-euWRZ5,2018
Fiat,Essence,Manuelle,38321,500,14076,https://hollyroad.fr/annonce-fiat-500-Q6cSIM,2019
Fiat,Essence,Manuelle,40272,Tipo,17615,https://hollyroad.fr/annonce-fiat-tipo-FdfoAo,2020
Fiat,Essence,Manuelle,7089,500,15656,https://hollyroad.fr/annonce-fiat-500-21q1fa,2022
Renault,Diesel,Manuelle,33452,Trafic,28115,https://hollyroad.fr/annonce-renault-trafic-1l3rfZ,2019
Volkswagen,Essence,Manuelle,90000,up!,11076,https://hollyroad.fr/annonce-volkswagen-up-1Xfaj8,2013
MINI,Diesel,Manuelle,200000,One,7915,https://hollyroad.fr/annonce-mini-one-d-uaMeyl,2011
Fiat,Essence,Manuelle,8444,500,15665,https://hollyroad.fr/annonce-fiat-500-gLyNpE,2022
Fiat,Essence,Manuelle,4742,500,16396,https://hollyroad.fr/annonce-fiat-500-WFwd8T,2021
Fiat,Essence,Manuelle,10303,500,15665,https://hollyroad.fr/annonce-fiat-500-8xG9mT,2022
Fiat,Essence,Manuelle,20127,500,15896,https://hollyroad.fr/annonce-fiat-500-jxLDD3,2021
Fiat,Essence,Manuelle,12894,500,15896,https://hollyroad.fr/annonce-fiat-500-3APIhC,2021
Fiat,Essence,Manuelle,11636,500,17665,https://hollyroad.fr/annonce-fiat-500-jYYvGH,2022
Fiat,Hybride,Manuelle,9913,500C,18701,https://hollyroad.fr/annonce-fiat-500c-ZPIqVp,2022
Fiat,Essence,Manuelle,11617,500,15665,https://hollyroad.fr/annonce-fiat-500-Hg0WA0,2022
Jeep,Hybride,Automatique,3800,Compass,35672,https://hollyroad.fr/annonce-jeep-compass-5OSYMu,2022
Suzuki,Essence,Manuelle,31245,Swift,16391,https://hollyroad.fr/annonce-suzuki-swift-TJi5FI,2021
Audi,Diesel,Automatique,10500,Q3,43636,https://hollyroad.fr/annonce-audi-q3-rbdEfP,2023
Volkswagen,Diesel,Automatique,506000,Sharan,8304,https://hollyroad.fr/annonce-volkswagen-sharan-twTCoX,2010
Volkswagen,Essence,Automatique,12533,T7,62470,https://hollyroad.fr/annonce-volkswagen-t7-multivan-G8rtGe,2022
Volkswagen,Essence,Manuelle,22706,Tiguan,27966,https://hollyroad.fr/annonce-volkswagen-tiguan-4qgYh3,2021
Volkswagen,Essence,Automatique,40415,Golf,25146,https://hollyroad.fr/annonce-volkswagen-golf-variant-zuL1ju,2019
Mercedes-Benz,Diesel,Manuelle,212000,Vito,10184,https://hollyroad.fr/annonce-mercedes-benz-vito-a8KX3k,1999
Volkswagen,Diesel,Automatique,174000,Passat,15766,https://hollyroad.fr/annonce-volkswagen-passat-Jm2wvz,2012
Opel,Diesel,Manuelle,74440,Astra,17735,https://hollyroad.fr/annonce-opel-astra-CgJ7nT,2020
Volkswagen,Essence,Manuelle,52803,Golf,19895,https://hollyroad.fr/annonce-volkswagen-golf-variant-c87Fp3,2020
CUPRA,Électrique,Automatique,13000,Born,41606,https://hollyroad.fr/annonce-cupra-born-S2qe2L,2023
Mercedes-Benz,Diesel,Automatique,40993,E,38985,https://hollyroad.fr/annonce-mercedes-benz-e-220-X1kuRs,2020
Opel,Essence,Manuelle,104500,Meriva,12115,https://hollyroad.fr/annonce-opel-meriva-NT59UY,2016
Volkswagen,Essence,Automatique,23250,Golf,39550,https://hollyroad.fr/annonce-volkswagen-golf-gti-jWobWR,2023
Volkswagen,Hybride,Manuelle,25550,Golf,28012,https://hollyroad.fr/annonce-volkswagen-golf-gte-hXyQ7o,2021
T-Cross,Essence,Automatique,58782,1.0,24050,https://hollyroad.fr/annonce-volkswagen-t-cross-n6JUe9,2019
Polo,Essence,Manuelle,22347,1.0,18011,https://hollyroad.fr/annonce-volkswagen-polo-tT1Ueu,2019
Fabia,Essence,Manuelle,36834,Combi,15011,https://hollyroad.fr/annonce-skoda-fabia-BZmp23,2018
up!,Essence,Manuelle,65054,1.0,12011,https://hollyroad.fr/annonce-volkswagen-up-avQEXB,2019
Volkswagen,Diesel,Automatique,11478,T6.1,56836,https://hollyroad.fr/annonce-volkswagen-t61-multivan-x9Uzf8,2020
Peugeot,Essence,Manuelle,128000,306,8155,https://hollyroad.fr/annonce-peugeot-306-o3rVcj,1998
Volkswagen,Essence,Automatique,10750,T-Cross,29736,https://hollyroad.fr/annonce-volkswagen-t-cross-XccWdw,2023
Renault,Diesel,Manuelle,50670,Trafic,22935,https://hollyroad.fr/annonce-renault--Uf3YTz,2021
BYD,Électrique,Automatique,145,Han,74226,https://hollyroad.fr/annonce-byd-han-zEeLjM,2024
BYD,Électrique,Automatique,12159,Atto,37486,https://hollyroad.fr/annonce-byd-atto-3-CFttTN,2023
Fiat,Essence,Manuelle,169850,500,9026,https://hollyroad.fr/annonce-fiat-500-sJwONY,2009
Toyota,Hybride,Automatique,500,C-HR,38911,https://hollyroad.fr/annonce-toyota-c-hr-STZBXO,2024
Toyota,Hybride,Automatique,98750,RAV,34192,https://hollyroad.fr/annonce-toyota-rav-4-gi2ZkN,2020
Audi,Essence,Automatique,86000,SQ5,46840,https://hollyroad.fr/annonce-audi-sq5-SSXzWg,2017
Audi,Diesel,Automatique,26895,A5,36286,https://hollyroad.fr/annonce-audi-a5-24Z53x,2020
Q3,Essence,Automatique,26503,45,43726,https://hollyroad.fr/annonce-audi-q3-SV7UpL,2022
A3,Essence,Automatique,48069,Cabrio,32236,https://hollyroad.fr/annonce-audi-a3-pVF6q8,2020
Fiat,Essence,Manuelle,13561,500,15065,https://hollyroad.fr/annonce-fiat-500-iiB1qU,2022
Fiat,Essence,Manuelle,7387,500,15065,https://hollyroad.fr/annonce-fiat-500-5nKHb5,2022
Fiat,Essence,Manuelle,13402,500,15065,https://hollyroad.fr/annonce-fiat-500-gySxmS,2022
Fiat,Essence,Manuelle,7327,500,15065,https://hollyroad.fr/annonce-fiat-500-lMtajV,2022
Fiat,Essence,Manuelle,8864,500,17165,https://hollyroad.fr/annonce-fiat-500-DQTzun,2022
Fiat,Essence,Manuelle,16259,500,15065,https://hollyroad.fr/annonce-fiat-500-QZR5c7,2022
Fiat,Essence,Manuelle,10780,500,15065,https://hollyroad.fr/annonce-fiat-500-1CayTh,2022
Fiat,Essence,Manuelle,15108,500,15065,https://hollyroad.fr/annonce-fiat-500-seKnQt,2022
Fiat,Essence,Manuelle,18573,500,15065,https://hollyroad.fr/annonce-fiat-500-Ht6SEv,2022
Fiat,Essence,Manuelle,12662,500,15065,https://hollyroad.fr/annonce-fiat-500-5gEElP,2022
Fiat,Essence,Manuelle,7997,500,15065,https://hollyroad.fr/annonce-fiat-500-irzUay,2022
Fiat,Essence,Manuelle,11518,500,15065,https://hollyroad.fr/annonce-fiat-500-jtWHi2,2022
BYD,Électrique,Automatique,9849,Atto,36986,https://hollyroad.fr/annonce-byd-atto-3-avRJAd,2023
Mercedes-Benz,Essence,Manuelle,191900,E,16266,https://hollyroad.fr/annonce-mercedes-benz-e-260-sjeANH,1992
Tarraco,Essence,Automatique,27365,1.5,36676,https://hollyroad.fr/annonce-seat-tarraco-nQrjN7,2023
T-ROC,Essence,Manuelle,21682,1.0,23135,https://hollyroad.fr/annonce-volkswagen-t-roc-4UP0oA,2023
Skoda,Diesel,Automatique,18400,Octavia,38696,https://hollyroad.fr/annonce-skoda-octavia-8hkUIq,2023
Skoda,Diesel,Automatique,25400,Kodiaq,45630,https://hollyroad.fr/annonce-skoda-kodiaq-fjg2VY,2023
Dacia,Diesel,Manuelle,270000,Logan,5615,https://hollyroad.fr/annonce-dacia-logan-lPr3XS,2012
Golf,Essence,Automatique,11989,VIII,44750,https://hollyroad.fr/annonce-volkswagen-golf-UKq1oT,2022
Volkswagen,Essence,Manuelle,5000,Polo,29655,https://hollyroad.fr/annonce-volkswagen-polo-gHWaYJ,2024
Volkswagen,Essence,Automatique,31880,Tiguan,29586,https://hollyroad.fr/annonce-volkswagen-tiguan-RNNTc1,2020
Skoda,Essence,Manuelle,41962,Karoq,24635,https://hollyroad.fr/annonce-skoda-karoq-0di3BU,2022
Audi,Diesel,Automatique,40670,A4,28146,https://hollyroad.fr/annonce-audi-a4-93XAV6,2020
Mercedes-Benz,Diesel,Automatique,21296,Vito,58605,https://hollyroad.fr/annonce-mercedes-benz-vito-9iuEbJ,2022
Tiguan,Essence,Automatique,10,1.5,36546,https://hollyroad.fr/annonce-volkswagen-tiguan-mXopl7,2023
Tiguan,Essence,Automatique,10,1.5,36546,https://hollyroad.fr/annonce-volkswagen-tiguan-HyKE1H,2023
Fiat,Essence,Manuelle,19601,500,14665,https://hollyroad.fr/annonce-fiat-500-O9DwBk,2022
Volkswagen,Électrique,Automatique,23800,ID.3,24936,https://hollyroad.fr/annonce-volkswagen-id3-OVVFv5,2020
Fiat,Essence,Manuelle,11087,500,14665,https://hollyroad.fr/annonce-fiat-500-l5LnyM,2022
Fiat,Essence,Manuelle,12939,500,14665,https://hollyroad.fr/annonce-fiat-500-CdDn7C,2022
Fiat,Essence,Manuelle,11425,500,14665,https://hollyroad.fr/annonce-fiat-500-tFUSio,2022
Volkswagen,Essence,Automatique,34567,Tiguan,29386,https://hollyroad.fr/annonce-volkswagen-tiguan-HiAk3g,2020
Opel,Diesel,Manuelle,204000,Corsa,6325,https://hollyroad.fr/annonce-opel-corsa-28UChW,2009
Volkswagen,Essence,Manuelle,105000,Golf,11505,https://hollyroad.fr/annonce-volkswagen-golf-WKeB7f,2012
Mercedes-Benz,Diesel,Automatique,43787,V,78116,https://hollyroad.fr/annonce-mercedes-benz-v-250-0q2rsv,2021
Volkswagen,Essence,Manuelle,59700,Touran,22035,https://hollyroad.fr/annonce-volkswagen-touran-Vnme84,2018
Opel,Essence,Manuelle,64562,Crossland,17115,https://hollyroad.fr/annonce-opel-crossland-x-GK43jO,2019
Mercedes-Benz,Hybride,Automatique,15920,E,44906,https://hollyroad.fr/annonce-mercedes-benz-e-300-niosT1,2021
Audi,Diesel,Automatique,61809,A6,45770,https://hollyroad.fr/annonce-audi-a6-ImQs0t,2022
Audi,Diesel,Automatique,97450,A4,29976,https://hollyroad.fr/annonce-audi-a4-0vXdix,2020
Peugeot,Essence,Manuelle,78200,2008,18225,https://hollyroad.fr/annonce-peugeot-2008-61eBAc,2018
Hyundai,Essence,Manuelle,68990,KONA,19835,https://hollyroad.fr/annonce-hyundai-kona-rToP9q,2020
Land,Diesel,Automatique,61200,Rover,33665,https://hollyroad.fr/annonce-land-rover-range-rover-evoque-QL1GIT,2018
Volkswagen,Essence,Automatique,43970,Tiguan,29386,https://hollyroad.fr/annonce-volkswagen-tiguan-2T0zoP,2020
Ford,Diesel,Manuelle,153000,Focus,11424,https://hollyroad.fr/annonce-ford-focus-2HP1Nc,2013
Volvo,Diesel,Automatique,64592,XC40,30066,https://hollyroad.fr/annonce-volvo-xc40-udFD0z,2018
Lada,Essence,Manuelle,136000,Kalina,8225,https://hollyroad.fr/annonce-lada-kalina-IxBpLT,2017
Tiguan,Diesel,Automatique,37098,Allspace,46736,https://hollyroad.fr/annonce-volkswagen-tiguan-2juwhN,2022
Fiat,Essence,Manuelle,71827,500,12085,https://hollyroad.fr/annonce-fiat-500-cnHQR6,2019
Fiat,Essence,Manuelle,39320,500,13505,https://hollyroad.fr/annonce-fiat-500-7zJHvZ,2021
Fiat,Essence,Manuelle,44521,500,13405,https://hollyroad.fr/annonce-fiat-500-djqlXR,2021
BMW,Essence,Manuelle,290000,520,6266,https://hollyroad.fr/annonce-bmw-520-8CMkNE,1999
Fiat,Essence,Manuelle,12383,500,15065,https://hollyroad.fr/annonce-fiat-500-qDZqsh,2022
Fiat,Essence,Manuelle,9070,500C,17165,https://hollyroad.fr/annonce-fiat-500c-MUskBN,2022
Fiat,Hybride,Manuelle,37396,500,14701,https://hollyroad.fr/annonce-fiat-500-vAPYGN,2022
Tiguan,Diesel,Automatique,42899,2.0,32146,https://hollyroad.fr/annonce-volkswagen-tiguan-21BzGf,2020
Amarok,Diesel,Automatique,33970,3.0,46080,https://hollyroad.fr/annonce-volkswagen-amarok-EPJxVD,2020
A5,Essence,Automatique,41170,Cabriolet,38836,https://hollyroad.fr/annonce-audi-a5-psrszc,2020
Tiguan,Hybride,Automatique,39705,1.4,43036,https://hollyroad.fr/annonce-volkswagen-tiguan-8pgbvv,2021
Q5,Hybride,Automatique,44305,50,42076,https://hollyroad.fr/annonce-audi-q5-vnYjsi,2020
Ateca,Essence,Automatique,0,1.5,34857,https://hollyroad.fr/annonce-seat-ateca-ivi3Z6,2024
Tarraco,Essence,Automatique,0,1.5,43079,https://hollyroad.fr/annonce-seat-tarraco-75yg95,2024
Ateca,Essence,Manuelle,5,VZ,52370,https://hollyroad.fr/annonce-cupra-ateca-6QOfNK,2024
Volkswagen,Essence,Automatique,24040,Tiguan,29886,https://hollyroad.fr/annonce-volkswagen-tiguan-IAnc7e,2020
SEAT,Essence,Automatique,2500,Ateca,42236,https://hollyroad.fr/annonce-seat-ateca-HGHpSl,2024
Dacia,Électrique,Automatique,8000,Spring,14502,https://hollyroad.fr/annonce-dacia-spring-pgmuPt,2022
Kia,Diesel,Automatique,65400,Sorento,33690,https://hollyroad.fr/annonce-kia-sorento-T21GqR,2019
Toyota,Essence,Manuelle,135500,Yaris,5886,https://hollyroad.fr/annonce-toyota-yaris-gSd1PM,2005
Renault,Essence,Manuelle,65870,Kadjar,17124,https://hollyroad.fr/annonce-renault-kadjar-QHdNOp,2019
A6,Essence,Automatique,19751,Avant,61710,https://hollyroad.fr/annonce-audi-a6-yZmzB9,2023
A6,Diesel,Automatique,27193,Avant,57710,https://hollyroad.fr/annonce-audi-a6-NP9n8I,2023
BMW,Essence,Manuelle,61000,218,26525,https://hollyroad.fr/annonce-bmw-218-vQWpIc,2017
Opel,Hybride,Automatique,29144,Grandland,27586,https://hollyroad.fr/annonce-opel-grandland-3KuwMV,2020
Tarraco,Essence,Automatique,0,1.5,40968,https://hollyroad.fr/annonce-seat-tarraco-Z5sIB6,2024
Ateca,Essence,Automatique,0,1.5,36523,https://hollyroad.fr/annonce-seat-ateca-OZ93QC,2024
Renault,Essence,Automatique,65473,Megane,20465,https://hollyroad.fr/annonce-renault-megane-ebzi84,2018
T-Roc,Essence,Manuelle,26200,Life,24695,https://hollyroad.fr/annonce-volkswagen-t-roc-hqXmtR,2023
T-Roc,Essence,Manuelle,22300,Life,24695,https://hollyroad.fr/annonce-volkswagen-t-roc-LaXfLr,2023
T-Roc,Essence,Manuelle,25300,Life,24695,https://hollyroad.fr/annonce-volkswagen-t-roc-wp8BWW,2023
T-Roc,Essence,Manuelle,16100,Life,25695,https://hollyroad.fr/annonce-volkswagen-t-roc-9l5dtj,2023
Tiguan,Essence,Manuelle,25500,Life,34736,https://hollyroad.fr/annonce-volkswagen-tiguan-KR4FRU,2022
Audi,Essence,Manuelle,81900,TT,23690,https://hollyroad.fr/annonce-audi-tt-8pzVf6,2013
Audi,Essence,Manuelle,280000,80,13225,https://hollyroad.fr/annonce-audi-80-lZjqof,1994
Fiat,Essence,Manuelle,46578,500,13085,https://hollyroad.fr/annonce-fiat-500-63pJCX,2019
Fiat,Essence,Manuelle,16628,500,13805,https://hollyroad.fr/annonce-fiat-500-IOJnTq,2021
Fiat,Essence,Automatique,12274,500,15085,https://hollyroad.fr/annonce-fiat-500-ZFPm6Y,2019
Fiat,Essence,Manuelle,52627,500,13085,https://hollyroad.fr/annonce-fiat-500-UacIzO,2019
Fiat,Essence,Manuelle,18001,500,13805,https://hollyroad.fr/annonce-fiat-500-hJQltl,2021
Volkswagen,Diesel,Automatique,77999,Golf,24096,https://hollyroad.fr/annonce-volkswagen-golf-czDnbl,2019
Arteon,Hybride,Automatique,19549,Shooting,45012,https://hollyroad.fr/annonce-volkswagen-arteon-ZdFjnO,2021
Tiguan,Essence,Automatique,57053,Allspace,33156,https://hollyroad.fr/annonce-volkswagen-tiguan-BEi6cT,2019
Polo,Essence,Automatique,18661,1.0,21935,https://hollyroad.fr/annonce-volkswagen-polo-jVD0db,2021
Golf,Essence,Automatique,4850,GTI,46300,https://hollyroad.fr/annonce-volkswagen-golf-BGGEHD,2023
Tiguan,Essence,Manuelle,20861,1.5,33236,https://hollyroad.fr/annonce-volkswagen-tiguan-TKS9C4,2022
Tiguan,Diesel,Automatique,37098,Allspace,46736,https://hollyroad.fr/annonce-volkswagen-tiguan-2juwhN,2022
A6,Diesel,Automatique,29611,Avant,58710,https://hollyroad.fr/annonce-audi-a6-7WCQAR,2023
Audi,Électrique,Automatique,15090,RS,121786,https://hollyroad.fr/annonce-audi-rs-e-tron-gt-3P6rKH,2023
A3,Essence,Manuelle,75629,Sportback,23136,https://hollyroad.fr/annonce-audi-a3-To4MD0,2019
A6,Diesel,Automatique,27193,Avant,57710,https://hollyroad.fr/annonce-audi-a6-NP9n8I,2023
A6,Diesel,Automatique,26864,Avant,58710,https://hollyroad.fr/annonce-audi-a6-elQvVQ,2023
A6,Diesel,Automatique,28796,Avant,58710,https://hollyroad.fr/annonce-audi-a6-SNbZ7a,2023
A6,Essence,Automatique,19751,Avant,61710,https://hollyroad.fr/annonce-audi-a6-yZmzB9,2023
Audi,Électrique,Automatique,2899,RS,120786,https://hollyroad.fr/annonce-audi-rs-e-tron-gt-tiq6cv,2022
A6,Diesel,Automatique,25912,Avant,57710,https://hollyroad.fr/annonce-audi-a6-LYDFMC,2023
T-Cross,Essence,Manuelle,3040,1.0,25135,https://hollyroad.fr/annonce-volkswagen-t-cross-a9iRtJ,2023
Fiat,Essence,Manuelle,9998,500,15665,https://hollyroad.fr/annonce-fiat-500-Ai35tP,2022
Renault,Essence,Manuelle,11554,Clio,18444,https://hollyroad.fr/annonce-renault-clio-mTGCWN,2021
Fiat,Essence,Manuelle,2641,500C,17656,https://hollyroad.fr/annonce-fiat-500c-wo6SlD,2022
Mercedes-Benz,Essence,Automatique,9700,A,35376,https://hollyroad.fr/annonce-mercedes-benz-a-200-GgwXNs,2023
Mercedes-Benz,Essence,Automatique,9700,A,35376,https://hollyroad.fr/annonce-mercedes-benz-a-200-0SPnGU,2023
Volkswagen,Essence,Manuelle,172000,Golf,8186,https://hollyroad.fr/annonce-volkswagen-golf-WhJaFs,2009
Land,Hybride,Automatique,24200,Rover,51786,https://hollyroad.fr/annonce-land-rover-range-rover-evoque-LRyfeD,2021
Mercedes-Benz,Diesel,Automatique,79412,CLA,31036,https://hollyroad.fr/annonce-mercedes-benz-cla-200-aIlbjP,2019
Citroen,Essence,Manuelle,113000,Berlingo,9325,https://hollyroad.fr/annonce-citroen-berlingo-m72wRT,2010
Mercedes-Benz,Diesel,Automatique,79412,CLA,31036,https://hollyroad.fr/annonce-mercedes-benz-cla-200-dLsqiM,2019
Polo,Essence,Manuelle,18500,1.0,20145,https://hollyroad.fr/annonce-volkswagen-polo-345PfI,2022
Fabia,Essence,Manuelle,19900,Combi,24222,https://hollyroad.fr/annonce-skoda-fabia-xjOvef,2020
Golf,Essence,Manuelle,8500,VIII,19715,https://hollyroad.fr/annonce-volkswagen-golf-g4yycD,2021
Mercedes-Benz,Essence,Automatique,4600,GLA,37616,https://hollyroad.fr/annonce-mercedes-benz-gla-200-PaaPGc,2022
Mercedes-Benz,Essence,Automatique,4600,GLA,37616,https://hollyroad.fr/annonce-mercedes-benz-gla-200-emaLKZ,2022
Renault,Diesel,Manuelle,91000,Trafic,16205,https://hollyroad.fr/annonce-renault-trafic-x76B1m,2020
A6,Diesel,Automatique,68200,Limousine,42510,https://hollyroad.fr/annonce-audi-a6-jZrto3,2020
A3,Hybride,Automatique,38083,sport,28512,https://hollyroad.fr/annonce-audi-a3-4FlvB7,2020
Q3,Essence,Automatique,27894,S,41976,https://hollyroad.fr/annonce-audi-q3-JzARtg,2020
A4,Essence,Automatique,35283,Limousine,38190,https://hollyroad.fr/annonce-audi-a4-UiSksf,2019
Q5,Hybride,Automatique,38585,55,46046,https://hollyroad.fr/annonce-audi-q5-kHop0X,2020
Q3,Essence,Automatique,59500,35,33976,https://hollyroad.fr/annonce-audi-q3-TUWso5,2020
Volkswagen,Hybride,Automatique,39705,Tiguan,43036,https://hollyroad.fr/annonce-volkswagen-tiguan-mj3YUb,2021
A6,Hybride,Automatique,53303,Limousine,47586,https://hollyroad.fr/annonce-audi-a6-simoT9,2020
A6,Hybride,Automatique,54147,Avant,51046,https://hollyroad.fr/annonce-audi-a6-43bhFl,2020
A3,Hybride,Automatique,76705,Sportback,27012,https://hollyroad.fr/annonce-audi-a3-BbSg0w,2020
A3,Essence,Automatique,82700,Sportback,28476,https://hollyroad.fr/annonce-audi-a3-CyQTNh,2020
Volkswagen,Diesel,Automatique,47340,T6.1,62886,https://hollyroad.fr/annonce-volkswagen-t61-california-JBYXui,2021
Volkswagen,Diesel,Automatique,33970,Amarok,46080,https://hollyroad.fr/annonce-volkswagen-amarok-0Kx3zk,2020
Fiat,Essence,Manuelle,44780,500,15085,https://hollyroad.fr/annonce-fiat-500-zNbnFp,2020
Fiat,Essence,Manuelle,16950,500,17905,https://hollyroad.fr/annonce-fiat-500-PT5trO,2021
BMW,Essence,Manuelle,110000,218,12115,https://hollyroad.fr/annonce-bmw-218-8Z3fvd,2015
Volkswagen,Diesel,Manuelle,160000,Touran,13205,https://hollyroad.fr/annonce-volkswagen-touran-BHSpVD,2011
Nissan,Diesel,Manuelle,133527,X-Trail,17655,https://hollyroad.fr/annonce-nissan-x-trail-8fGObB,2016
SEAT,Essence,Manuelle,67387,Mii,11711,https://hollyroad.fr/annonce-seat-mii-0Qa4Gh,2019
Fiat,Essence,Manuelle,5270,500,18665,https://hollyroad.fr/annonce-fiat-500-T8KZNg,2022
Mercedes-Benz,Essence,Automatique,38300,C,38260,https://hollyroad.fr/annonce-mercedes-benz-c-200-UG6ggx,2022
Skoda,Essence,Automatique,173000,Octavia,10204,https://hollyroad.fr/annonce-skoda-octavia-n85myR,2011
Volkswagen,Diesel,Automatique,52784,T6.1,60886,https://hollyroad.fr/annonce-volkswagen-t61-california-5tWkhS,2021
Volkswagen,Électrique,Automatique,32300,ID.3,29056,https://hollyroad.fr/annonce-volkswagen-id3-M3QctK,2020
Fiat,Essence,Manuelle,18170,500,14905,https://hollyroad.fr/annonce-fiat-500-JNvRzt,2021
Fiat,Essence,Manuelle,7480,500,16665,https://hollyroad.fr/annonce-fiat-500-DBb9hL,2022
Mercedes-Benz,Essence,Automatique,38300,C,38260,https://hollyroad.fr/annonce-mercedes-benz-c-200-snvHi4,2022
Opel,Essence,Manuelle,16468,Corsa,14076,https://hollyroad.fr/annonce-opel-corsa-9P1dWX,2019
Fiat,Essence,Manuelle,106393,500,14026,https://hollyroad.fr/annonce-fiat-500-0y2UiY,2017
Fiat,Essence,Manuelle,10400,500,16656,https://hollyroad.fr/annonce-fiat-500-n6PHz4,2022
Volkswagen,Diesel,Automatique,54588,T6.1,77886,https://hollyroad.fr/annonce-volkswagen-t61-california-OdRk25,2021
Audi,Diesel,Manuelle,242000,A3,9405,https://hollyroad.fr/annonce-audi-a3-hyRAlZ,2008
Mercedes-Benz,Diesel,Manuelle,104917,Sprinter,31268,https://hollyroad.fr/annonce-mercedes-benz--aG0xMH,2021
Fiat,Essence,Manuelle,3190,500,18665,https://hollyroad.fr/annonce-fiat-500-oSw7Fo,2022
Volkswagen,Diesel,Manuelle,63050,Golf,25156,https://hollyroad.fr/annonce-volkswagen-golf-AArld3,2017
Volkswagen,Essence,Manuelle,28379,Golf,27836,https://hollyroad.fr/annonce-volkswagen-golf-VHx11u,2020
Opel,Essence,Manuelle,76000,Adam,13656,https://hollyroad.fr/annonce-opel-adam-NEdrwk,2016
Toyota,Essence,Manuelle,100000,Corona,8486,https://hollyroad.fr/annonce-toyota-corona-yNHgEB,1964
Volkswagen,Essence,Manuelle,18508,up!,15426,https://hollyroad.fr/annonce-volkswagen-up-WASIDV,2021
Mazda,Essence,Manuelle,79300,2,15256,https://hollyroad.fr/annonce-mazda-2-H2XkvZ,2019
Dacia,Essence,Manuelle,20700,Sandero,15695,https://hollyroad.fr/annonce-dacia-sandero-NFrXbm,2019
3008,Hybride,Automatique,18208,Allure,30692,https://hollyroad.fr/annonce-peugeot-3008-WSRYOJ,2021
Volkswagen,Essence,Manuelle,180000,Golf,7486,https://hollyroad.fr/annonce-volkswagen-golf-eJnpdk,2004
SsangYong,Essence,Manuelle,60000,Korando,15936,https://hollyroad.fr/annonce-ssangyong-korando-smaYfY,2018
Lexus,Hybride,Automatique,58010,RX,52026,https://hollyroad.fr/annonce-lexus-rx-450h-0RtFac,2021
Renault,Essence,Automatique,62909,Kadjar,20656,https://hollyroad.fr/annonce-renault-kadjar-2MCVtL,2019
Astra,Essence,Manuelle,2000,5T,27195,https://hollyroad.fr/annonce-opel-astra-RqicOh,2023
Volkswagen,Diesel,Automatique,42899,Tiguan,32146,https://hollyroad.fr/annonce-volkswagen-tiguan-9MqrKq,2020
Volkswagen,Essence,Manuelle,33226,Golf,25545,https://hollyroad.fr/annonce-volkswagen-golf-sportsvan-98O4MV,2020
Skoda,Essence,Manuelle,21236,Karoq,25635,https://hollyroad.fr/annonce-skoda-karoq-VVi3Z9,2022
Audi,Essence,Automatique,41170,A5,38836,https://hollyroad.fr/annonce-audi-a5-lNPGup,2020
Skoda,Essence,Automatique,115265,Fabia,12715,https://hollyroad.fr/annonce-skoda-fabia-d78xpO,2014
Volkswagen,Essence,Manuelle,25500,Tiguan,34736,https://hollyroad.fr/annonce-volkswagen-tiguan-a2quNM,2022
Volkswagen,Essence,Manuelle,22300,T-Roc,24695,https://hollyroad.fr/annonce-volkswagen-t-roc-luJBrg,2023
Multivan,Hybride,Automatique,19380,T1.4,58762,https://hollyroad.fr/annonce-volkswagen-multivan-WSR8JJ,2022
Touareg,Diesel,Automatique,22060,3.0,58760,https://hollyroad.fr/annonce-volkswagen-touareg-gRz0iO,2023
Caddy,Diesel,Manuelle,16580,2.0,30685,https://hollyroad.fr/annonce-volkswagen-caddy-RaGOjN,2023
Multivan,Essence,Automatique,19380,T1.4,58726,https://hollyroad.fr/annonce-volkswagen-multivan-G7AAIQ,2022
Skoda,Essence,Manuelle,125000,Fabia,10576,https://hollyroad.fr/annonce-skoda-fabia-BMggAR,2015
Nissan,Essence,Automatique,69500,370Z,33230,https://hollyroad.fr/annonce-nissan-370z-Xx5a8N,2017
Volkswagen,Essence,Manuelle,25300,T-Roc,24695,https://hollyroad.fr/annonce-volkswagen-t-roc-ppCHVM,2023
Volkswagen,Essence,Manuelle,26200,T-Roc,24695,https://hollyroad.fr/annonce-volkswagen-t-roc-Q8Q5zI,2023
Volkswagen,Essence,Manuelle,16100,T-Roc,25695,https://hollyroad.fr/annonce-volkswagen-t-roc-kH6i1c,2023
Hyundai,Essence,Manuelle,111000,i10,8576,https://hollyroad.fr/annonce-hyundai-i10-WZ95D3,2016
Q3,Diesel,Manuelle,8108,S,41626,https://hollyroad.fr/annonce-audi-q3-GFeNap,2023
Q3,Diesel,Automatique,8010,Sportback,52626,https://hollyroad.fr/annonce-audi-q3-XwUIqh,2023
Mercedes-Benz,Essence,Manuelle,10400,GLC,52136,https://hollyroad.fr/annonce-mercedes-benz-glc-200-L4T1OF,2022
Volkswagen,Essence,Automatique,15770,Golf,27960,https://hollyroad.fr/annonce-volkswagen-golf-gte-MX0AFQ,2021
Volkswagen,Hybride,Automatique,15770,Golf,27996,https://hollyroad.fr/annonce-volkswagen-golf-gte-yYjoLa,2021
Ford,Diesel,Automatique,344555,Galaxy,10166,https://hollyroad.fr/annonce-ford-galaxy-ZNmCEr,2015
Fiat,Essence,Manuelle,7112,500,16665,https://hollyroad.fr/annonce-fiat-500-umhzxu,2022
Fiat,Essence,Manuelle,10117,500,16665,https://hollyroad.fr/annonce-fiat-500-zPvURJ,2022
Q3,Diesel,Manuelle,8778,advanced,40626,https://hollyroad.fr/annonce-audi-q3-1zVbM3,2023
SsangYong,Essence,Manuelle,58520,Korando,14636,https://hollyroad.fr/annonce-ssangyong-korando-g8GcyY,2016
Citroen,Diesel,Manuelle,122000,C3,13126,https://hollyroad.fr/annonce-citroen-c3-ryyrcx,2016
C,Hybride,Automatique,44592,300,46666,https://hollyroad.fr/annonce-mercedes-benz-c-300-RJlZs6,2022
Volkswagen,Essence,Manuelle,23340,T-Cross,24885,https://hollyroad.fr/annonce-volkswagen-t-cross-9IKk0f,2022
Volkswagen,Essence,Automatique,8220,Golf,27960,https://hollyroad.fr/annonce-volkswagen-golf-gte-iswd63,2021
Volkswagen,Hybride,Automatique,8220,Golf,27996,https://hollyroad.fr/annonce-volkswagen-golf-gte-xBS1qE,2021
Fiat,Essence,Manuelle,9501,500,19324,https://hollyroad.fr/annonce-fiat-500-FH9v6Y,2022
Fiat,Essence,Manuelle,15637,500,15665,https://hollyroad.fr/annonce-fiat-500-KLGOv7,2022
Fiat,Essence,Manuelle,12851,500,16165,https://hollyroad.fr/annonce-fiat-500-nrExBq,2022
Skoda,Essence,Automatique,73750,Superb,28966,https://hollyroad.fr/annonce-skoda-superb-OGMt7s,2020
Kamiq,Essence,Automatique,108700,Ambition,22466,https://hollyroad.fr/annonce-skoda-kamiq-eyQkFu,2021
Audi,Essence,Manuelle,115500,A1,11225,https://hollyroad.fr/annonce-audi-a1-LtohDX,2011
Hyundai,Diesel,Automatique,114000,TUCSON,21975,https://hollyroad.fr/annonce-hyundai-tucson-Iq5Shm,2017
Volkswagen,Essence,Manuelle,22050,T-Cross,23415,https://hollyroad.fr/annonce-volkswagen-t-cross-6Bn0er,2021
Volkswagen,Essence,Manuelle,16960,T-Cross,23415,https://hollyroad.fr/annonce-volkswagen-t-cross-v1Jm7m,2021
Audi,Hybride,Automatique,44305,Q5,42076,https://hollyroad.fr/annonce-audi-q5-jweJ02,2020
Fiat,Essence,Manuelle,16494,500,15665,https://hollyroad.fr/annonce-fiat-500-HE7jKZ,2022
Opel,Essence,,27500,Corsa,16706,https://hollyroad.fr/annonce-opel-corsa-bYoIcJ,2021
Qashqai,Essence,Manuelle,29000,N-Connecta,21115,https://hollyroad.fr/annonce-nissan-qashqai-tki6KV,2019
Kodiaq,Diesel,Automatique,88900,Clever,36966,https://hollyroad.fr/annonce-skoda-kodiaq-BlreUS,2021
BMW,Diesel,Automatique,110000,730,55980,https://hollyroad.fr/annonce-bmw-730-4gyyK5,2018
SEAT,Diesel,Automatique,6800,Ateca,38916,https://hollyroad.fr/annonce-seat-ateca-zkKgVn,2023
Porsche,Essence,Automatique,4900,992,237700,https://hollyroad.fr/annonce-porsche-992-oIl8DC,2023
Jeep,Essence,Automatique,64071,Compass,24156,https://hollyroad.fr/annonce-jeep-compass-GE0Tcr,2019
BMW,Essence,Automatique,38075,Z4,47460,https://hollyroad.fr/annonce-bmw-z4-m-eboxdq,2021
Fiat,Essence,Manuelle,12136,500,14665,https://hollyroad.fr/annonce-fiat-500-n0WfJ4,2022
Fiat,Essence,Manuelle,6372,500,14665,https://hollyroad.fr/annonce-fiat-500-f4kSlz,2022
500e,Électrique,Automatique,52890,Lim.,23971,https://hollyroad.fr/annonce-fiat-500e-CLqiuQ,2021
MINI,Essence,Manuelle,140000,One,5725,https://hollyroad.fr/annonce-mini-one-E6LFnG,2007
BMW,Diesel,Automatique,170000,330,20370,https://hollyroad.fr/annonce-bmw-330-QiM36g,2010
Fiat,Essence,Manuelle,7433,500,16656,https://hollyroad.fr/annonce-fiat-500-v85tvq,2022
Fiat,Essence,Manuelle,4694,500,17896,https://hollyroad.fr/annonce-fiat-500-qMhMec,2021
Volkswagen,Diesel,Automatique,48483,T6.1,60886,https://hollyroad.fr/annonce-volkswagen-t61-california-l33PcN,2021
Volkswagen,Diesel,Automatique,219784,T5,26115,https://hollyroad.fr/annonce-volkswagen-t5-multivan-AcNLZO,2014
Volkswagen,Diesel,Automatique,11620,Tiguan,42726,https://hollyroad.fr/annonce-volkswagen-tiguan-hrM5MV,2023
Volkswagen,Essence,Automatique,18910,T-Cross,28695,https://hollyroad.fr/annonce-volkswagen-t-cross-SF4nHH,2023
Fiat,Hybride,Manuelle,20343,500C,17932,https://hollyroad.fr/annonce-fiat-500c-Jy5xfH,2021
Hyundai,Essence,Manuelle,77990,i30,25539,https://hollyroad.fr/annonce-hyundai-i30-58j9TQ,2019
Ford,Diesel,Automatique,36138,Transit,52886,https://hollyroad.fr/annonce-ford-transit-custom-Gb2kvQ,2021
Peugeot,Essence,Manuelle,35000,208,15585,https://hollyroad.fr/annonce-peugeot-208-khQKYi,2019
Volkswagen,Diesel,Automatique,8485,Passat,39736,https://hollyroad.fr/annonce-volkswagen-passat-variant-bdtZFX,2023
Audi,Essence,Automatique,29417,A7,61650,https://hollyroad.fr/annonce-audi-a7-MsbFoM,2022
Toyota,Diesel,Manuelle,5,Proace,32875,https://hollyroad.fr/annonce-toyota-proace-city-WWujEB,2023
Ford,Diesel,Automatique,48576,Transit,52886,https://hollyroad.fr/annonce-ford-transit-custom-U0vfkP,2021
Golf,Diesel,Automatique,77999,VII,24096,https://hollyroad.fr/annonce-volkswagen-golf-j3nGD5,2019
Ford,Essence,Manuelle,98000,Ka/Ka+,10076,https://hollyroad.fr/annonce-ford-kaka-KRBah4,2017
Mercedes-Benz,Essence,Automatique,45000,CLS,72920,https://hollyroad.fr/annonce-mercedes-benz-cls-450-L90xcg,2018
Volkswagen,Essence,Manuelle,9550,T-Roc,29145,https://hollyroad.fr/annonce-volkswagen-t-roc-G7Z7Cx,2022
Fiat,Essence,Manuelle,9806,500,13076,https://hollyroad.fr/annonce-fiat-500-4SCXF8,2019
Fiat,Essence,Manuelle,33255,500,14576,https://hollyroad.fr/annonce-fiat-500-0TzE9e,2019
Fiat,Essence,Manuelle,7061,500,17156,https://hollyroad.fr/annonce-fiat-500-HmrdqN,2022
Audi,Hybride,Automatique,24130,A6,52986,https://hollyroad.fr/annonce-audi-a6-D3dpxV,2021
Audi,Essence,Automatique,55374,Q3,39500,https://hollyroad.fr/annonce-audi-q3-q5y8eV,2020
SEAT,Essence,Automatique,26541,Arona,21615,https://hollyroad.fr/annonce-seat-arona-Xvm1zx,2019
Audi,Essence,Automatique,31047,A3,29876,https://hollyroad.fr/annonce-audi-a3-vE3X8j,2020
Peugeot,Diesel,Manuelle,158000,3008,8825,https://hollyroad.fr/annonce-peugeot-3008-mRCwmI,2012
RS,Essence,Automatique,0,3,74810,https://hollyroad.fr/annonce-audi-rs3-lZxCw9,2024
RS,Essence,Automatique,0,3,72810,https://hollyroad.fr/annonce-audi-rs3-8ZOZ6n,2024
A4,Diesel,Automatique,0,40,65770,https://hollyroad.fr/annonce-audi-a4-LzqUtm,2024
RS,Essence,Automatique,0,3,75810,https://hollyroad.fr/annonce-audi-rs3-ZKHHhv,2024
Kia,Hybride,Automatique,15785,XCeed,26191,https://hollyroad.fr/annonce-kia-xceed-ekvuER,2022
Volvo,Diesel,Automatique,68086,V60,34476,https://hollyroad.fr/annonce-volvo-v60-4EdoEn,2020
Mercedes-Benz,Essence,Automatique,75122,C,25765,https://hollyroad.fr/annonce-mercedes-benz-c-180-5aIa98,2019
Ford,Essence,Manuelle,30177,Focus,24104,https://hollyroad.fr/annonce-ford-focus-D1bpjN,2022
Renault,Essence,Manuelle,126400,Clio,12015,https://hollyroad.fr/annonce-renault-clio-wf0tzb,2017
Mercedes-Benz,Essence,Manuelle,175000,C,4725,https://hollyroad.fr/annonce-mercedes-benz-c-180-jLmVIQ,2001
Audi,Diesel,Automatique,900,Q5,75359,https://hollyroad.fr/annonce-audi-q5-uLs6aQ,2023
SEAT,GNC,Manuelle,22850,Arona,19025,https://hollyroad.fr/annonce-seat-arona-4CI3MO,2021
SEAT,Diesel,Manuelle,154500,Alhambra,27156,https://hollyroad.fr/annonce-seat-alhambra-jLq6Nr,2015
Ibiza,Diesel,Manuelle,82753,1.6,16123,https://hollyroad.fr/annonce-seat-ibiza-Nnshuy,2019
Fiat,Diesel,Manuelle,51865,Ducato,25744,https://hollyroad.fr/annonce-fiat--tNPtL4,2020
Dacia,Essence,Manuelle,61276,Logan,14524,https://hollyroad.fr/annonce-dacia-logan-8ZlZFM,2019
Renault,Essence,Manuelle,73842,Clio,9985,https://hollyroad.fr/annonce-renault-clio-hkiLE1,2016
Opel,Essence,Manuelle,164000,Astra,4525,https://hollyroad.fr/annonce-opel-astra-TYUJmp,2004
Fiat,Essence,Manuelle,18409,500,15065,https://hollyroad.fr/annonce-fiat-500-bqT8Io,2022
Fiat,Essence,Manuelle,15708,500,13605,https://hollyroad.fr/annonce-fiat-500-HELXvy,2021
Volkswagen,Essence,Manuelle,9900,T-Cross,27035,https://hollyroad.fr/annonce-volkswagen-t-cross-6wRzcJ,2023
Volkswagen,Diesel,Manuelle,269000,Golf,8155,https://hollyroad.fr/annonce-volkswagen-golf-7s1wAf,2010
smart,Essence,Automatique,44000,forTwo,23225,https://hollyroad.fr/annonce-smart-fortwo-8JDZc9,2017
Jeep,Diesel,Automatique,80700,Compass,30066,https://hollyroad.fr/annonce-jeep-compass-85Byof,2019
Porsche,Électrique,Automatique,13000,Taycan,85456,https://hollyroad.fr/annonce-porsche-taycan-GxWmSc,2022
Mazda,Essence,Automatique,20711,CX-3,26623,https://hollyroad.fr/annonce-mazda-cx-3-usnVRP,2019
Volvo,Essence,Manuelle,73814,XC40,25825,https://hollyroad.fr/annonce-volvo-xc40-MWyVDl,2020
Volkswagen,Diesel,Manuelle,64500,Tiguan,26665,https://hollyroad.fr/annonce-volkswagen-tiguan-zuCW93,2018
Opel,Essence,Manuelle,117000,Agila,7124,https://hollyroad.fr/annonce-opel-agila-8b4UZB,2008
Dacia,Essence,Manuelle,125774,Sandero,5636,https://hollyroad.fr/annonce-dacia-sandero-oTZhpm,2009
Volkswagen,Essence,Manuelle,21682,T-Roc,23135,https://hollyroad.fr/annonce-volkswagen-t-roc-ZcMb4L,2023
Formentor,Essence,Automatique,25900,1.5,34646,https://hollyroad.fr/annonce-cupra-formentor-oXMu7M,2023
smart,Essence,Manuelle,79000,forTwo,11036,https://hollyroad.fr/annonce-smart-fortwo-zBspgO,2019
Audi,Diesel,Automatique,89999,A6,43050,https://hollyroad.fr/annonce-audi-a6-allroad-BeFykS,2020
BMW,Diesel,Semi-automatique,196000,535,22440,https://hollyroad.fr/annonce-bmw-535-qlVwp7,2014
smart,Essence,Automatique,28592,forTwo,12876,https://hollyroad.fr/annonce-smart-fortwo-lZmWlF,2013
Formentor,Diesel,Automatique,12600,2.0,35646,https://hollyroad.fr/annonce-cupra-formentor-Q1069f,2023
Formentor,Diesel,Automatique,12600,2.0,35646,https://hollyroad.fr/annonce-cupra-formentor-Q1069f,2023
Ateca,Essence,Automatique,24100,2.0,40720,https://hollyroad.fr/annonce-cupra-ateca-fDmdXP,2023
Tarraco,Essence,Automatique,8300,FR,40646,https://hollyroad.fr/annonce-seat-tarraco-ltsCKe,2023
Leon,Essence,Automatique,13990,Sportstourer,31646,https://hollyroad.fr/annonce-cupra-leon-KxjUPV,2023
Arona,Essence,Manuelle,11400,Style,22605,https://hollyroad.fr/annonce-seat-arona-8VNTnv,2023
Volkswagen,Essence,Manuelle,3040,T-Cross,25135,https://hollyroad.fr/annonce-volkswagen-t-cross-z2H41u,2023
SEAT,Essence,Manuelle,195000,Ibiza,4086,https://hollyroad.fr/annonce-seat-ibiza-A5w5WT,2004
Honda,Hybride,Automatique,47480,CR-V,27111,https://hollyroad.fr/annonce-honda-cr-v-YoqQ36,2019
e-Crafter,Électrique,Automatique,32500,Kasten,26821,https://hollyroad.fr/annonce-volkswagen-e-crafter-lFRZmE,2021
e-Crafter,Électrique,Automatique,32500,Kasten,26821,https://hollyroad.fr/annonce-volkswagen-e-crafter-6GnhGg,2021
SEAT,Essence,Automatique,27365,Tarraco,36676,https://hollyroad.fr/annonce-seat-tarraco-835Z2l,2023
Audi,Diesel,Manuelle,70000,A1,17225,https://hollyroad.fr/annonce-audi-a1-0Ht5u5,2016
Honda,Essence,Automatique,50235,CR-V,26065,https://hollyroad.fr/annonce-honda-cr-v-jaJRgr,2017
Opel,Essence,Manuelle,138500,Tigra,5015,https://hollyroad.fr/annonce-opel-tigra-OzKpnj,2007
Volkswagen,Essence,Manuelle,66369,Golf,23916,https://hollyroad.fr/annonce-volkswagen-golf-EbibGz,2020
Volvo,Hybride,Automatique,39524,V90,43906,https://hollyroad.fr/annonce-volvo-v90-EeZR3N,2020
Volkswagen,Essence,Manuelle,52724,Caddy,21515,https://hollyroad.fr/annonce-volkswagen--771mEn,2018
Volvo,Diesel,Automatique,97325,XC60,34210,https://hollyroad.fr/annonce-volvo-xc60-5w0uRo,2020
Volkswagen,Diesel,Manuelle,54632,Tiguan,25596,https://hollyroad.fr/annonce-volkswagen-tiguan-IwtVlc,2019
Opel,Diesel,Automatique,51432,Grandland,26976,https://hollyroad.fr/annonce-opel-grandland-uVyFed,2020
Audi,Diesel,Automatique,78793,A4,27376,https://hollyroad.fr/annonce-audi-a4-yl2laW,2020
Audi,Diesel,Automatique,90378,Q5,36419,https://hollyroad.fr/annonce-audi-q5-o6p7Qi,2020
Skoda,Diesel,Automatique,117848,Superb,25156,https://hollyroad.fr/annonce-skoda-superb-JHahoI,2019
Volkswagen,Diesel,Automatique,82559,Passat,25165,https://hollyroad.fr/annonce-volkswagen-passat-variant-MNcJKg,2019
Audi,Hybride,Automatique,52137,Q5,38055,https://hollyroad.fr/annonce-audi-q5-wYlPqh,2020
Skoda,Essence,Automatique,108700,Kamiq,22466,https://hollyroad.fr/annonce-skoda-kamiq-FFh2iV,2021
Polo,Essence,Manuelle,40344,1.0,18501,https://hollyroad.fr/annonce-volkswagen-polo-2rK9Pp,2018
TT,Essence,Automatique,55000,Coupé,33165,https://hollyroad.fr/annonce-audi-tt-6sUms6,2017
Audi,Diesel,Automatique,135455,A4,27996,https://hollyroad.fr/annonce-audi-a4-m0Gq9l,2019
Kia,Diesel,Automatique,150000,Sorento,22999,https://hollyroad.fr/annonce-kia-sorento-zZJ9Uy,2015
Volkswagen,Essence,Automatique,3700,T-Cross,23395,https://hollyroad.fr/annonce-volkswagen-t-cross-zN9CHr,2020
Hyundai,Essence,Manuelle,129000,i30,10475,https://hollyroad.fr/annonce-hyundai-i30-MLyUK8,2013
Skoda,Diesel,Manuelle,232144,Octavia,7505,https://hollyroad.fr/annonce-skoda-octavia-TJckCu,2011
Mazda,Essence,Manuelle,31300,MX-5,30966,https://hollyroad.fr/annonce-mazda-mx-5-QVFVpT,2021
Volkswagen,Essence,Manuelle,53100,up!,12576,https://hollyroad.fr/annonce-volkswagen-up-Bh42k6,2016
Dacia,Essence,Manuelle,55000,Sandero,13615,https://hollyroad.fr/annonce-dacia-sandero-7ndSWL,2020
Fiat,Essence,Manuelle,5402,500,15065,https://hollyroad.fr/annonce-fiat-500-iGBTkC,2022
Ford,Essence,Manuelle,54400,EcoSport,16105,https://hollyroad.fr/annonce-ford-ecosport-sNZbMd,2016
Volkswagen,Diesel,Manuelle,135860,Golf,10105,https://hollyroad.fr/annonce-volkswagen-golf-plus-qAHnLf,2010
Mercedes-Benz,Diesel,Automatique,97950,CLA,31136,https://hollyroad.fr/annonce-mercedes-benz-cla-220-g99cJp,2019
SEAT,Essence,Automatique,29100,Arona,22915,https://hollyroad.fr/annonce-seat-arona-mnMXGk,2020
Kia,Diesel,Manuelle,94123,Soul,11075,https://hollyroad.fr/annonce-kia-soul-E7RS2T,2015
Renault,Essence,Automatique,15403,Arkana,32745,https://hollyroad.fr/annonce-renault-arkana-lWxEkq,2022
Audi,Diesel,Automatique,64050,A5,36146,https://hollyroad.fr/annonce-audi-a5-l1ff2d,2019
Volkswagen,Diesel,Automatique,159600,Tiguan,20146,https://hollyroad.fr/annonce-volkswagen-tiguan-GJ21FD,2016
smart,Électrique,Automatique,21500,forTwo,19942,https://hollyroad.fr/annonce-smart-fortwo-NlCKgy,2021
Volkswagen,Diesel,Manuelle,94000,T6,28425,https://hollyroad.fr/annonce-volkswagen-t6-transporter-6jk2uq,2017
Audi,Électrique,Automatique,2899,e-tron,120786,https://hollyroad.fr/annonce-audi-e-tron-gt-MaqFgJ,2022
Audi,Diesel,Automatique,29886,A6,58710,https://hollyroad.fr/annonce-audi-a6-Q1o1Ux,2023
Audi,Diesel,Automatique,130361,Q8,57170,https://hollyroad.fr/annonce-audi-q8-D0DcKZ,2019
Audi,Électrique,Automatique,15090,e-tron,121786,https://hollyroad.fr/annonce-audi-e-tron-gt-1C7WA0,2023
Renault,Essence,Automatique,57277,Captur,19116,https://hollyroad.fr/annonce-renault-captur-RJ23XW,2019
BMW,Diesel,Manuelle,326834,330,8800,https://hollyroad.fr/annonce-bmw-330-syAfSJ,2005
Audi,Diesel,Automatique,26864,A6,58710,https://hollyroad.fr/annonce-audi-a6-92ldgj,2023
Audi,Diesel,Automatique,28796,A6,58710,https://hollyroad.fr/annonce-audi-a6-xC3MLV,2023
Volkswagen,Essence,Automatique,19998,Passat,35166,https://hollyroad.fr/annonce-volkswagen-passat-variant-S6R7JR,2023
Audi,Diesel,Automatique,29611,A6,58710,https://hollyroad.fr/annonce-audi-a6-Zeixk8,2023
Audi,Diesel,Automatique,25912,A6,57710,https://hollyroad.fr/annonce-audi-a6-wGPiXJ,2023
Audi,Diesel,Automatique,27193,A6,57710,https://hollyroad.fr/annonce-audi-a6-8B7RMT,2023
Audi,Essence,Automatique,20721,A6,58710,https://hollyroad.fr/annonce-audi-a6-tmWrFw,2023
Audi,Essence,Automatique,19751,A6,61710,https://hollyroad.fr/annonce-audi-a6-fEBUhV,2023
A4,Diesel,Automatique,135455,Avant,27996,https://hollyroad.fr/annonce-audi-a4-lRFOEU,2019
BMW,Essence,Automatique,16300,M2,73740,https://hollyroad.fr/annonce-bmw-m2-M7iYgr,2020
Hyundai,Essence,Manuelle,23429,i10,17025,https://hollyroad.fr/annonce-hyundai-i10-AVHF8n,2019
Hyundai,Hybride,Manuelle,27280,TUCSON,31512,https://hollyroad.fr/annonce-hyundai-tucson-gbBDx6,2020
Mitsubishi,Essence,Manuelle,29100,ASX,15615,https://hollyroad.fr/annonce-mitsubishi-asx-z2URvt,2015
Mercedes-Benz,Essence,Manuelle,190000,A,5075,https://hollyroad.fr/annonce-mercedes-benz-a-170-wyRXVV,2004
Volkswagen,Diesel,Automatique,25401,Caddy,31824,https://hollyroad.fr/annonce-volkswagen--2fc6x9,2021
Volkswagen,Diesel,Automatique,20880,Tiguan,37666,https://hollyroad.fr/annonce-volkswagen-tiguan-Bo2eUw,2022
Audi,Essence,Automatique,19874,Q2,49685,https://hollyroad.fr/annonce-audi-q2-xAhgOV,2023
BMW,Diesel,Automatique,155000,530,27380,https://hollyroad.fr/annonce-bmw-530-vjBHvf,2013
S5,Diesel,Automatique,53118,Sportback,57910,https://hollyroad.fr/annonce-audi-s5-eBpujA,2021
Tiguan,Essence,Automatique,30838,2.0TSI,32096,https://hollyroad.fr/annonce-volkswagen-tiguan-1Udmqh,2020
GLE,Hybride,Automatique,15000,400e,113416,https://hollyroad.fr/annonce-mercedes-benz-gle-400-BNE8c1,2023
smart,Électrique,Automatique,55202,EQ,15162,https://hollyroad.fr/annonce-smart-eq-fortwo-cabrio-MfB3Kl,2020
A,Essence,Automatique,76869,200,27046,https://hollyroad.fr/annonce-mercedes-benz-a-200-CZ2fkW,2020
smart,Électrique,Automatique,21902,EQ,16442,https://hollyroad.fr/annonce-smart-eq-fortwo-cabrio-qyrSe6,2020
GLE,Essence,Automatique,124030,63,103059,https://hollyroad.fr/annonce-mercedes-benz-gle-63-amg-C5hiXK,2021
Opel,Diesel,Manuelle,195000,Frontera,6905,https://hollyroad.fr/annonce-opel-frontera-9DXLHG,2002
SEAT,Essence,Manuelle,162000,Ibiza,5566,https://hollyroad.fr/annonce-seat-ibiza-jvTBYu,2012
Arona,Essence,Automatique,26541,1.0,21615,https://hollyroad.fr/annonce-seat-arona-7B1Ii4,2019
Renault,Diesel,Automatique,20,Trafic,61916,https://hollyroad.fr/annonce-renault-trafic-hU3Wlq,2024
GLB,Essence,Automatique,42639,250,45900,https://hollyroad.fr/annonce-mercedes-benz-glb-250-ALalXB,2020
BMW,Diesel,Automatique,165500,X3,22480,https://hollyroad.fr/annonce-bmw-x3-OY4M4n,2012
E,Essence,Automatique,116152,53,50680,https://hollyroad.fr/annonce-mercedes-benz-amg-e-53-NxbI8a,2018
GLC,Diesel,Automatique,59891,220d,46606,https://hollyroad.fr/annonce-mercedes-benz-glc-220-MlyPOr,2020
GLA,Essence,Automatique,18424,200,36206,https://hollyroad.fr/annonce-mercedes-benz-gla-200-jiXxKq,2021
SHARAN,Diesel,Automatique,52200,HIGHLINE,40666,https://hollyroad.fr/annonce-volkswagen-sharan-qOHHZv,2020
T-ROC,Essence,Automatique,6500,STYLE,28786,https://hollyroad.fr/annonce-volkswagen-t-roc-A8UiN2,2021
A4,Essence,Automatique,50,AVANT,42580,https://hollyroad.fr/annonce-audi-a4-jLrAhq,2023
TIGUAN,Essence,Automatique,28000,HIGHLINE,35966,https://hollyroad.fr/annonce-volkswagen-tiguan-Y1LRG1,2020
TOUAREG,Diesel,Automatique,58600,R-LINE,60960,https://hollyroad.fr/annonce-volkswagen-touareg-0TAgOe,2021
CADDY,Diesel,Manuelle,5100,MAXI,41605,https://hollyroad.fr/annonce-volkswagen-caddy-NbBCJR,2023
CADDY,Diesel,Manuelle,12700,STYLE,39005,https://hollyroad.fr/annonce-volkswagen-caddy-1LfPI5,2023
T-ROC,Essence,Automatique,35800,STYLE,27586,https://hollyroad.fr/annonce-volkswagen-t-roc-gTCKO0,2021
A4,Essence,Automatique,16100,AVANT,36520,https://hollyroad.fr/annonce-audi-a4-67vJKH,2022
UP!,Essence,Manuelle,66300,MOVE,11786,https://hollyroad.fr/annonce-volkswagen-up-AnWfl1,2018
Volkswagen,Diesel,Automatique,36200,T7,62546,https://hollyroad.fr/annonce-volkswagen-t7-multivan-yppuoB,2022
GOLF,Essence,Automatique,50,8,33646,https://hollyroad.fr/annonce-volkswagen-golf-9SW2zJ,2023
RAPID,Essence,Manuelle,73500,SPACEBACK,14625,https://hollyroad.fr/annonce-skoda-rapid-HxJx0e,2016
TOUAREG,Diesel,Automatique,58600,R-LINE,60960,https://hollyroad.fr/annonce-volkswagen-touareg-0TAgOe,2021
CADDY,Essence,Automatique,50,MAXI,41605,https://hollyroad.fr/annonce-volkswagen-caddy-Ab1gmG,2023
A4,Essence,Automatique,16100,AVANT,36520,https://hollyroad.fr/annonce-audi-a4-67vJKH,2022
T6,Diesel,Automatique,50,CALIFORNIA,72646,https://hollyroad.fr/annonce-volkswagen-t6-california-yLBbJk,2024
Q3,Essence,Automatique,16000,S,41646,https://hollyroad.fr/annonce-audi-q3-v5h7wX,2023
CADDY,Essence,Automatique,50,MAXI,41605,https://hollyroad.fr/annonce-volkswagen-caddy-8x09Yn,2023
T-ROC,Essence,Manuelle,48900,STYLE,22566,https://hollyroad.fr/annonce-volkswagen-t-roc-ahNdvi,2018
T-ROC,Essence,Automatique,35800,STYLE,27586,https://hollyroad.fr/annonce-volkswagen-t-roc-gTCKO0,2021
S5,Diesel,Automatique,53118,Sportback,57910,https://hollyroad.fr/annonce-audi-s5-eBpujA,2021
ID.4,Électrique,Automatique,26000,PRO,37856,https://hollyroad.fr/annonce-volkswagen-id4-kDEn7B,2021
ID.3,Électrique,Automatique,12700,PRO,35956,https://hollyroad.fr/annonce-volkswagen-id3-AOR114,2021
T6,Diesel,Automatique,50,CALIFORNIA,72646,https://hollyroad.fr/annonce-volkswagen-t6-california-oGPebA,2024
A1,Essence,Automatique,30547,Sportback,28836,https://hollyroad.fr/annonce-audi-a1-rY5evC,2021
A8,Diesel,Automatique,25051,50,76570,https://hollyroad.fr/annonce-audi-a8-fnXCNK,2023
CADDY,Essence,Automatique,13100,MAXI,38605,https://hollyroad.fr/annonce-volkswagen-caddy-zh1gW9,2023
A4,Essence,Automatique,50,AVANT,42580,https://hollyroad.fr/annonce-audi-a4-jLrAhq,2023
TIGUAN,Essence,Automatique,28000,HIGHLINE,35966,https://hollyroad.fr/annonce-volkswagen-tiguan-Y1LRG1,2020
Q3,Hybride,Automatique,35220,45,32906,https://hollyroad.fr/annonce-audi-q3-y2WvfC,2022
Nissan,Diesel,Manuelle,31000,NV300,40576,https://hollyroad.fr/annonce-nissan-nv300-QlRBOF,2021
Peugeot,Diesel,Manuelle,79500,Bipper,11476,https://hollyroad.fr/annonce-peugeot-bipper-LVTK2U,2014
Renault,Diesel,Manuelle,145000,Trafic,25536,https://hollyroad.fr/annonce-renault-trafic-acpi94,2017
Volkswagen,Diesel,Automatique,30900,T7,68446,https://hollyroad.fr/annonce-volkswagen-t7-multivan-j61fR9,2022
GOLF,Essence,Automatique,12300,8,37580,https://hollyroad.fr/annonce-volkswagen-golf-FO1fwN,2022
Q5,Diesel,Automatique,12000,SPORTBACK,52546,https://hollyroad.fr/annonce-audi-q5-boKOb4,2023
T-ROC,Essence,Automatique,6500,STYLE,28786,https://hollyroad.fr/annonce-volkswagen-t-roc-A8UiN2,2021
Land,Diesel,Automatique,97000,Rover,49680,https://hollyroad.fr/annonce-land-rover-range-rover-velar-vOSv7q,2018
Volkswagen,Essence,Automatique,54000,Beetle,18995,https://hollyroad.fr/annonce-volkswagen-beetle-uCiC8f,2016
BMW,Diesel,Automatique,169000,X5,37670,https://hollyroad.fr/annonce-bmw-x5-9hOcWG,2016
GOLF,Essence,Automatique,22500,8,34960,https://hollyroad.fr/annonce-volkswagen-golf-0p6EoW,2021
TRANSPORTER,Diesel,Manuelle,0,6.1,57646,https://hollyroad.fr/annonce-volkswagen-t61-7aWLMl,2024
Volkswagen,Essence,Automatique,135000,Touran,13515,https://hollyroad.fr/annonce-volkswagen-touran-uZvywt,2011
Hyundai,Essence,Automatique,53000,TUCSON,28266,https://hollyroad.fr/annonce-hyundai-tucson-ann1YJ,2019
Enyaq,Électrique,Automatique,0,60,47806,https://hollyroad.fr/annonce-skoda-enyaq-iv-3qcIly,2024
Corolla,Hybride,Automatique,36230,1.8,28641,https://hollyroad.fr/annonce-toyota-corolla-yzPrPw,2022
Fiat,Diesel,Manuelle,234800,Doblo,4866,https://hollyroad.fr/annonce-fiat-doblo-JY8GZp,2008
E,Diesel,Automatique,88200,400,62010,https://hollyroad.fr/annonce-mercedes-benz-e-400-EE89Q7,2021
Mercedes-Benz,Électrique,Automatique,101000,EQV,59836,https://hollyroad.fr/annonce-mercedes-benz-eqv-300-v4pc4p,2020
GLE,Essence,Automatique,24509,53,88610,https://hollyroad.fr/annonce-mercedes-benz-gle-53-amg-DYt7Uh,2020
Opel,Diesel,Automatique,159000,Zafira,9136,https://hollyroad.fr/annonce-opel-zafira-Tb6zrA,2006
ID.3,Électrique,Automatique,24581,Pro,25946,https://hollyroad.fr/annonce-volkswagen-id3-L5joAX,2020
A,Essence,Manuelle,38309,180,20895,https://hollyroad.fr/annonce-mercedes-benz-a-180-9KgOny,2017
GLC,Essence,Automatique,40957,200,42316,https://hollyroad.fr/annonce-mercedes-benz-glc-200-SYyoYN,2021
MINI,Essence,Automatique,46000,John,31470,https://hollyroad.fr/annonce-mini-john-cooper-works-countryman-lbA3uw,2018
T6.1,Diesel,Manuelle,38024,Multivan,56976,https://hollyroad.fr/annonce-volkswagen-t6-multivan-WPz7qK,2021
ID.3,Électrique,Automatique,23138,Pro,25946,https://hollyroad.fr/annonce-volkswagen-id3-G1Yexl,2020
Q2,Diesel,Manuelle,126700,30,21605,https://hollyroad.fr/annonce-audi-q2-cdwYp3,2019
A6,Diesel,Automatique,232200,Avant,7666,https://hollyroad.fr/annonce-audi-a6-mflO92,2011
Audi,Diesel,Automatique,117477,A4,24246,https://hollyroad.fr/annonce-audi-a4-7QNx3A,2017
A4,Diesel,Automatique,63750,allroad,38810,https://hollyroad.fr/annonce-audi-a4-allroad-qOx1EM,2020
Tiguan,Essence,Manuelle,7120,Active,34535,https://hollyroad.fr/annonce-volkswagen-tiguan-PGRkqn,2023
Polo,Essence,Manuelle,41730,1.0,17316,https://hollyroad.fr/annonce-volkswagen-polo-RGIht8,2020
Tiguan,Essence,Automatique,30838,2.0TSI,32096,https://hollyroad.fr/annonce-volkswagen-tiguan-1Udmqh,2020
T-Cross,Essence,Automatique,2140,1.0,30535,https://hollyroad.fr/annonce-volkswagen-t-cross-jtqTqO,2023
Tiguan,Essence,Automatique,10,R-Line,66753,https://hollyroad.fr/annonce-volkswagen-tiguan-EiRatW,2024
A1,Essence,Automatique,23360,35,31416,https://hollyroad.fr/annonce-audi-a1-3wbZ3a,2022
Dacia,Essence,Manuelle,45682,Sandero,17815,https://hollyroad.fr/annonce-dacia-sandero-6wWkvq,2021
Passat,Essence,Automatique,10,Business,54236,https://hollyroad.fr/annonce-volkswagen-passat-bHaFNN,2024
Octavia,Essence,Automatique,52100,1.5TSI,28156,https://hollyroad.fr/annonce-skoda-octavia-NVFuB7,2020
Mokka,Essence,Automatique,8400,1.2,26685,https://hollyroad.fr/annonce-opel-mokka-K8e2so,2023
3,Hybride,Manuelle,25300,SKY.G,27731,https://hollyroad.fr/annonce-mazda-3-X9GUxU,2023
CX-5,Essence,Automatique,38700,SKY-194,37726,https://hollyroad.fr/annonce-mazda-cx-5-qyBdMW,2023
Passat,Essence,Automatique,62780,Variant,25876,https://hollyroad.fr/annonce-volkswagen-passat-variant-9QLjsn,2021
Kodiaq,Essence,Automatique,65300,2.0TSI,37866,https://hollyroad.fr/annonce-skoda-kodiaq-qE3dbw,2020
Crafter,Diesel,Manuelle,15,35,65636,https://hollyroad.fr/annonce-volkswagen-crafter-gUplGO,2024
Sandero,Essence,Manuelle,8500,III,15695,https://hollyroad.fr/annonce-dacia-sandero-gGTt12,2022
CX-5,Essence,Automatique,20844,SKY-G,33976,https://hollyroad.fr/annonce-mazda-cx-5-JiBFLZ,2021
CX-5,Essence,Automatique,21512,SKY-G,36736,https://hollyroad.fr/annonce-mazda-cx-5-CTjgwF,2023
T-ROC,Essence,Manuelle,20463,MOVE,30634,https://hollyroad.fr/annonce-volkswagen-t-roc-qrIsNj,2023
CX-5,Essence,Automatique,19982,SKY-G,36736,https://hollyroad.fr/annonce-mazda-cx-5-xUwfcX,2023
T-Cross,Essence,Automatique,23070,ACTIVE-Plus,32682,https://hollyroad.fr/annonce-volkswagen-t-cross-dvqm9y,2022
Arteon,Diesel,Automatique,20993,Shooting,40726,https://hollyroad.fr/annonce-volkswagen-arteon-9FEEI2,2023
Passat,Hybride,Automatique,77153,Variant,27946,https://hollyroad.fr/annonce-volkswagen-passat-variant-jfnJ7t,2020
2,Hybride,Manuelle,3800,SKYACTIV-G,24641,https://hollyroad.fr/annonce-mazda-2-weyW1G,2022
Passat,Essence,Automatique,19085,Variant,32874,https://hollyroad.fr/annonce-volkswagen-passat-variant-TOHAhZ,2020
XC40,Diesel,Automatique,23800,D3,38786,https://hollyroad.fr/annonce-volvo-xc40-eDoXkj,2020
Ibiza,Essence,Automatique,42750,1.0TSI,20925,https://hollyroad.fr/annonce-seat-ibiza-ZFjIqV,2019
Fabia,Essence,Manuelle,1111,1.0,21661,https://hollyroad.fr/annonce-skoda-fabia-sTYNDz,2024
Renault,Diesel,Automatique,68798,Talisman,29296,https://hollyroad.fr/annonce-renault-talisman-lD4Jv6,2019
Amarok,Diesel,Automatique,100,DoubleCab,55680,https://hollyroad.fr/annonce-volkswagen-amarok-OOdJgc,2024
Q2,Essence,Automatique,38011,Sport,30116,https://hollyroad.fr/annonce-audi-q2-CYUO6r,2019
Golf,Essence,Manuelle,23150,Sportsvan,20365,https://hollyroad.fr/annonce-volkswagen-golf-sportsvan-dAXbAm,2018
Fabia,Essence,Manuelle,1111,1.0,21661,https://hollyroad.fr/annonce-skoda-fabia-R04LZA,2024
Octavia,Essence,Manuelle,63159,Combi,24041,https://hollyroad.fr/annonce-skoda-octavia-780ZGa,2019
Golf,Essence,Automatique,23262,VIII,34466,https://hollyroad.fr/annonce-volkswagen-golf-SvtsVf,2021
Range,Diesel,Manuelle,88920,Rover,28116,https://hollyroad.fr/annonce-land-rover-range-rover-evoque-r2AOd5,2018
Touran,Essence,Manuelle,28420,Comfortline,30296,https://hollyroad.fr/annonce-volkswagen-touran-rOX6Ho,2022
T-ROC,Essence,Manuelle,20463,MOVE,30634,https://hollyroad.fr/annonce-volkswagen-t-roc-qrIsNj,2023
Volkswagen,Essence,Automatique,6949,Taigo,32726,https://hollyroad.fr/annonce-volkswagen-taigo-Upike4,2022
T-Roc,Essence,Automatique,17178,Cabriolet,34666,https://hollyroad.fr/annonce-volkswagen-t-roc-cabriolet-TiWifA,2021
Passat,Diesel,Automatique,70984,Variant,38470,https://hollyroad.fr/annonce-volkswagen-passat-variant-1nZ8zI,2020
T-Roc,Essence,Automatique,5383,Cabriolet,38366,https://hollyroad.fr/annonce-volkswagen-t-roc-cabriolet-hmfKi4,2021
Golf,Hybride,Automatique,7533,VII,28506,https://hollyroad.fr/annonce-volkswagen-golf-Ooi0op,2020
Golf,Essence,Manuelle,15546,VIII,29636,https://hollyroad.fr/annonce-volkswagen-golf-59MMGc,2023
Tiguan,Essence,Manuelle,16561,MOVE,29636,https://hollyroad.fr/annonce-volkswagen-tiguan-IvjYQZ,2023
T-Roc,Essence,Automatique,6021,1.5,33226,https://hollyroad.fr/annonce-volkswagen-t-roc-cZslwQ,2023
T-Cross,Essence,Automatique,24464,1.5,32326,https://hollyroad.fr/annonce-volkswagen-t-cross-nT4p8C,2022
Tiguan,Essence,Automatique,23264,1.5,35726,https://hollyroad.fr/annonce-volkswagen-tiguan-U5msMa,2023
Passat,Hybride,Automatique,77153,Variant,27946,https://hollyroad.fr/annonce-volkswagen-passat-variant-jfnJ7t,2020
Golf,Essence,Manuelle,27804,VIII,29636,https://hollyroad.fr/annonce-volkswagen-golf-oejNul,2023
Golf,Diesel,Manuelle,58643,VII,21885,https://hollyroad.fr/annonce-volkswagen-golf-variant-tsP26S,2020
Tiguan,Diesel,Automatique,46637,Highline,35466,https://hollyroad.fr/annonce-volkswagen-tiguan-V5ishK,2020
T-Roc,Essence,Automatique,18711,Cabriolet,6184,https://hollyroad.fr/annonce-volkswagen-t-roc-cabriolet-WagWau,2021
T-Cross,Essence,Automatique,15114,1.5,28085,https://hollyroad.fr/annonce-volkswagen-t-cross-6jUmBk,2022
Passat,Essence,Automatique,19085,Variant,32874,https://hollyroad.fr/annonce-volkswagen-passat-variant-TOHAhZ,2020
ID.4,Électrique,Automatique,28056,GTX,46986,https://hollyroad.fr/annonce-volkswagen-id4-dtkBc6,2021
Passat,Essence,Automatique,21149,Variant,36736,https://hollyroad.fr/annonce-volkswagen-passat-variant-lnIRsy,2023
T-Roc,Essence,Manuelle,24250,Cabriolet,30585,https://hollyroad.fr/annonce-volkswagen-t-roc-cabriolet-Px5W80,2023
Arteon,Diesel,Automatique,20993,Shooting,40726,https://hollyroad.fr/annonce-volkswagen-arteon-9FEEI2,2023
Golf,Essence,Manuelle,100,VIII,30577,https://hollyroad.fr/annonce-volkswagen-golf-hiUtHj,2021
Kodiaq,Essence,Manuelle,39497,Style,29616,https://hollyroad.fr/annonce-skoda-kodiaq-Tz2PUs,2019
up!,Essence,Manuelle,37419,1.0,15036,https://hollyroad.fr/annonce-volkswagen-up-QOGGa5,2019
RS7,Essence,Manuelle,35864,Sportback,127030,https://hollyroad.fr/annonce-audi-rs7-Muekcv,2022
T-Cross,Essence,Automatique,10154,1.0,28485,https://hollyroad.fr/annonce-volkswagen-t-cross-oGuYPq,2023
Golf,Essence,Automatique,14792,VIII,32185,https://hollyroad.fr/annonce-volkswagen-golf-zIu7xd,2022
Renault,Hybride,Automatique,16,Espace,52946,https://hollyroad.fr/annonce-renault-espace-eOTsdN,2023
Passat,Diesel,Automatique,21339,Variant,37636,https://hollyroad.fr/annonce-volkswagen-passat-variant-tDzisf,2023
XC40,Diesel,Automatique,23800,D3,38786,https://hollyroad.fr/annonce-volvo-xc40-eDoXkj,2020
Golf,Diesel,Manuelle,19544,VIII,27345,https://hollyroad.fr/annonce-volkswagen-golf-variant-kRRsTN,2021
SQ2,Essence,Automatique,52417,2.0,38940,https://hollyroad.fr/annonce-audi-sq2-QrHQ95,2020
Caddy,Diesel,Manuelle,55186,Kasten,18715,https://hollyroad.fr/annonce-volkswagen-caddy-32BZjT,2019
Q3,Essence,Automatique,29511,40,34056,https://hollyroad.fr/annonce-audi-q3-j3P8Yt,2019
Polo,Essence,Manuelle,35200,1.0,21445,https://hollyroad.fr/annonce-volkswagen-polo-YBxIIh,2020
Q5,Hybride,Automatique,29169,50,46076,https://hollyroad.fr/annonce-audi-q5-EMaVCv,2021
A4,Diesel,Automatique,37190,Avant,29326,https://hollyroad.fr/annonce-audi-a4-w31qY5,2020
CX-5,Essence,Automatique,7500,2.0,37726,https://hollyroad.fr/annonce-mazda-cx-5-IbM42Y,2023
CX-5,Essence,Automatique,7200,2.0,37726,https://hollyroad.fr/annonce-mazda-cx-5-EMIUFz,2023
Octavia,Diesel,Automatique,31800,Combi,30476,https://hollyroad.fr/annonce-skoda-octavia-h8TKMT,2020
Amarok,Diesel,Automatique,46563,3.0,49180,https://hollyroad.fr/annonce-volkswagen-amarok-kGjM8k,2020
Golf,Essence,Automatique,88705,VII,23180,https://hollyroad.fr/annonce-volkswagen-golf-mdjthV,2015
Q5,Hybride,Automatique,74922,50,41046,https://hollyroad.fr/annonce-audi-q5-UsYDLz,2020
Golf,Diesel,Automatique,42387,VIII,33766,https://hollyroad.fr/annonce-volkswagen-golf-8CKdfo,2021
Passat,Diesel,Automatique,24945,Variant,39636,https://hollyroad.fr/annonce-volkswagen-passat-variant-F6JNJo,2023
Enyaq,Électrique,Automatique,1556,IV,49806,https://hollyroad.fr/annonce-skoda-enyaq-iv-5DSJYz,2022
Superb,Hybride,Automatique,95100,Combi,30472,https://hollyroad.fr/annonce-skoda-superb-3qUDw8,2020
Octavia,Essence,Automatique,100,Combi,36736,https://hollyroad.fr/annonce-skoda-octavia-7K6hbv,2023
T-Cross,Essence,Automatique,23100,1.0,27455,https://hollyroad.fr/annonce-volkswagen-t-cross-SNdTBh,2023
Golf,Essence,Manuelle,25828,VIII,29636,https://hollyroad.fr/annonce-volkswagen-golf-cbKoxd,2023
Octavia,Essence,Automatique,60250,Combi1.5,25386,https://hollyroad.fr/annonce-skoda-octavia-OxM4cl,2020
Kamiq,Essence,Manuelle,6568,1.0,22695,https://hollyroad.fr/annonce-skoda-kamiq-kIy3qH,2022
Fabia,Essence,Manuelle,63300,1.0,12836,https://hollyroad.fr/annonce-skoda-fabia-8BJpQF,2018
Leon,Hybride,Automatique,5,Sportstourer,44672,https://hollyroad.fr/annonce-cupra-leon-alK4wM,2024
RS,Essence,Automatique,0,3,82810,https://hollyroad.fr/annonce-audi-rs3-nPJQjC,2024
i20,Essence,Manuelle,23830,Active,16875,https://hollyroad.fr/annonce-hyundai-i20-hSGu9v,2019
Polo,Essence,Automatique,47025,1.2,16875,https://hollyroad.fr/annonce-volkswagen-polo-tzgLiM,2015
MX-5,Essence,Manuelle,48100,SKY-G,23156,https://hollyroad.fr/annonce-mazda-mx-5-gk6l9T,2017
Octavia,Hybride,Automatique,73800,Combi,29746,https://hollyroad.fr/annonce-skoda-octavia-gaEvoG,2021
Scala,Essence,Manuelle,40600,Ambition,19975,https://hollyroad.fr/annonce-skoda-scala-qDzMkI,2019
Ateca,Essence,Automatique,18897,1.5,30736,https://hollyroad.fr/annonce-seat-ateca-3omsCD,2023
Golf,Essence,Automatique,47435,Sportsvan,25016,https://hollyroad.fr/annonce-volkswagen-golf-sportsvan-kpOm3e,2019
Golf,Diesel,Manuelle,140200,Variant,20136,https://hollyroad.fr/annonce-volkswagen-golf-variant-Di39ha,2018
Golf,Essence,Automatique,59524,VII,22056,https://hollyroad.fr/annonce-volkswagen-golf-variant-uD3mFN,2019
Golf,Essence,Manuelle,46071,VIII,24976,https://hollyroad.fr/annonce-volkswagen-golf-n8dD5T,2022
CX-30,Essence,Manuelle,19920,2.0,25695,https://hollyroad.fr/annonce-mazda-cx-30-sI5Iew,2022
Arona,Essence,Manuelle,16751,1.0,21195,https://hollyroad.fr/annonce-seat-arona-Hiu1ye,2023
SQ5,Diesel,Automatique,14146,3.0,64690,https://hollyroad.fr/annonce-audi-sq5-5iTEDj,2022
RS,Essence,Automatique,52416,Q3,53530,https://hollyroad.fr/annonce-audi-rsq3-D04bfi,2020
Tiguan,Essence,Automatique,10760,Move,35276,https://hollyroad.fr/annonce-volkswagen-tiguan-MC1Gka,2023
Audi,Électrique,Automatique,25,Q4,65106,https://hollyroad.fr/annonce-audi-q4-EYu27O,2024
Golf,Essence,Automatique,20481,VIII,37990,https://hollyroad.fr/annonce-volkswagen-golf-hICOil,2021
Tiguan,Diesel,Manuelle,11412,Allspace,41676,https://hollyroad.fr/annonce-volkswagen-tiguan-GY14WM,2023
Q5,Hybride,Automatique,29169,50,46076,https://hollyroad.fr/annonce-audi-q5-EMaVCv,2021
A6,Essence,Manuelle,50854,Avant,51430,https://hollyroad.fr/annonce-audi-a6-TRXP1t,2021
Renault,Essence,Manuelle,10,Clio,20066,https://hollyroad.fr/annonce-renault-clio-5FmrSs,2023
Touareg,Diesel,Automatique,26120,3.0,61260,https://hollyroad.fr/annonce-volkswagen-touareg-UGN0sC,2023
Golf,Essence,Manuelle,28379,R-Line,27836,https://hollyroad.fr/annonce-volkswagen-golf-6kNhDP,2020
Golf,Diesel,Manuelle,63050,GTD,25156,https://hollyroad.fr/annonce-volkswagen-golf-BZPStv,2017
TT,Essence,Automatique,71265,Coupé,36190,https://hollyroad.fr/annonce-audi-tt-Yzb06F,2019
A3,Essence,Manuelle,40072,Sportback,25876,https://hollyroad.fr/annonce-audi-a3-C4nlqq,2020
up!,Essence,Manuelle,25074,move,12856,https://hollyroad.fr/annonce-volkswagen-up-WTrgDJ,2020
e-tron,Électrique,Automatique,31780,50,60836,https://hollyroad.fr/annonce-audi-e-tron-ewSilN,2022
Renault,Essence,Manuelle,22796,Scenic,23875,https://hollyroad.fr/annonce-renault-scenic-V35HwG,2021
A3,Essence,Automatique,20,Sportback,39586,https://hollyroad.fr/annonce-audi-a3-gKuzmf,2023
Polo,Essence,Manuelle,27397,1.0TSI,20875,https://hollyroad.fr/annonce-volkswagen-polo-wSrmXO,2021
Golf,Essence,Automatique,66193,Variant,23555,https://hollyroad.fr/annonce-volkswagen-golf-variant-1nwIjx,2018
Land,Essence,Automatique,99219,Rover,28280,https://hollyroad.fr/annonce-land-rover-discovery-sport-uiam2X,2017
Nissan,Essence,Automatique,9497,Juke,25575,https://hollyroad.fr/annonce-nissan-juke-JA0zoz,2022
Tiguan,Essence,Automatique,0,1.5,64745,https://hollyroad.fr/annonce-volkswagen-tiguan-tGnE6b,2024
Touran,Essence,Automatique,0,1.5,56245,https://hollyroad.fr/annonce-volkswagen-touran-F2OBgq,2024
Caddy,Diesel,Manuelle,0,2.0,37704,https://hollyroad.fr/annonce-volkswagen-caddy-UpfhSU,2024
BMW,Diesel,Semi-automatique,199000,318,9195,https://hollyroad.fr/annonce-bmw-318-23WZqE,2005
e-tron,Électrique,Automatique,31780,50,60836,https://hollyroad.fr/annonce-audi-e-tron-GRavrf,2022
TT,Essence,Automatique,71265,Coupé,36190,https://hollyroad.fr/annonce-audi-tt-slxleA,2019
A3,Essence,Manuelle,40072,Sportback,25876,https://hollyroad.fr/annonce-audi-a3-sXWnVQ,2020
Opel,Diesel,Manuelle,185000,Astra,14405,https://hollyroad.fr/annonce-opel-astra-7MYHhZ,2016
Arteon,Essence,Automatique,1550,2.0,64800,https://hollyroad.fr/annonce-volkswagen-arteon-AXsgin,2023
Tucson,Essence,Automatique,25,HEV,37460,https://hollyroad.fr/annonce-hyundai-tucson-jT1Qud,2023
T-Cross,Essence,Automatique,3500,Move,32685,https://hollyroad.fr/annonce-volkswagen-t-cross-4siqyM,2023
Passat,Diesel,Automatique,100,Variant,48526,https://hollyroad.fr/annonce-volkswagen-passat-variant-Fzq09Z,2024
Tucson,Essence,Automatique,25,HEV,37460,https://hollyroad.fr/annonce-hyundai-tucson-jT1Qud,2023
Arteon,Essence,Automatique,1550,2.0,64800,https://hollyroad.fr/annonce-volkswagen-arteon-AXsgin,2023
Fiat,Électrique,Automatique,10,500e,42401,https://hollyroad.fr/annonce-fiat-500e-rrxs1x,2023
Golf,Essence,Manuelle,9977,VIII,29277,https://hollyroad.fr/annonce-volkswagen-golf-NYiZD3,2023
Ford,Diesel,Automatique,145000,Galaxy,24156,https://hollyroad.fr/annonce-ford-galaxy-viMszZ,2019
Mercedes-Benz,Hybride (électrique/diesel),Automatique,118698,GLE,55012,https://hollyroad.fr/annonce-mercedes-benz-gle-350-C4DUyc,2020
Mercedes-Benz,Diesel,Automatique,24990,V,60236,https://hollyroad.fr/annonce-mercedes-benz-v-250-iYL71o,2022
Mercedes-Benz,Essence,Automatique,99995,C,22690,https://hollyroad.fr/annonce-mercedes-benz-c-250-COLdqM,2015
